date,ticker,open,high,low,close,change,% change,volume,turnover,deals,bids,offers,mktcap
8/10/2026,YETU,510,0,0,510,0,0,0,0,0,0,0,6.2
8/10/2026,VODA,1020,1050,1010,1030,0,0,203088,210145280,323,136195,74917,2307.2
8/10/2026,VERTEX-ETF,320,320,310,320,0,0,21246,6751625,182,2578,17949,17.3
8/10/2026,USL,30,0,0,30,0,0,0,0,0,1686,0,11
8/10/2026,TTP,450,450,450,450,0,0,352,158400,16,46,1529,42.8
8/10/2026,TPCC,5850,5950,5850,5850,0,0,2739,16039250,33,979,0,1052.6
8/10/2026,TOL,1500,1500,1480,1500,0,0,3406,5100790,29,3987,26585,86.3
8/10/2026,TCCL,3710,4000,3620,3850,0,0,2046,7866260,21,20117,17999,735.4
8/10/2026,TCC,12300,12500,12500,12500,0,0,1614,20175000,13,279,0,1250
8/10/2026,TBL,10000,10110,9950,9950,0,0,1100,10970760,23,352,944,2935.8
8/10/2026,SWIS,2690,2690,2550,2620,0,0,1305,3429910,24,10151,21238,94.3
8/10/2026,SWALA,450,0,0,450,0,0,0,0,0,0,0,47.8
8/10/2026,PAL,310,310,300,310,0,0,5749,1771480,58,4655,15362,49.8
8/10/2026,NMG,265,0,0,265,0,0,0,0,0,2843,0,50
8/10/2026,NMB,17580,17660,17570,17600,0,0,95563,1681576840,528,12100,20114,8800
8/10/2026,NICO,3550,3730,3500,3590,0,0,17044,61151520,126,6476,12387,221.3
8/10/2026,MUCOBA,440,465,445,455,0,0,1455,666475,29,2688,1705,14.9
8/10/2026,MKCB,3670,3800,3500,3740,0,0,2692,10029550,21,1039,818,88.1
8/10/2026,MCB,470,540,470,525,0,0,376487,197649400,621,102784,137956,129.8
8/10/2026,MBP,1600,1790,1600,1660,0,0,1232,2049600,13,4005,23587,49.8
8/10/2026,KCB,1890,1900,1880,1900,0,0,5425,10287840,53,10141,23591,5643.7
8/10/2026,KA,110,0,0,110,0,0,0,0,0,230,0,625
8/10/2026,JHL,8650,0,0,8650,0,0,0,0,0,0,0,626.9
8/10/2026,JATU,265,0,0,265,0,0,0,0,0,0,0,5.3
8/10/2026,IEACLC-ETF,1360,1380,1350,1360,0,0,421262,573539140,112,105906,48940,188.9
8/10/2026,EABL,5830,0,0,5680,0,0,0,0,0,20,0,4491.6
8/10/2026,DSE,6580,6580,5760,6450,0,0,2411,15493780,32,1282,4500,153.7
8/10/2026,DCB,420,420,390,410,0,0,14097,5769690,116,4055,95305,78.6
8/10/2026,CRDB,2590,2620,2580,2600,0,0,2869227,7453641800,1739,129405,58236,6790.8
8/10/2026,AFRIPRISE,640,645,630,635,0,0,51224,32583365,207,14378,21492,92.7
8/11/2026,YETU,510,0,0,510,0,0,0,0,0,0,0,6.2
,VODA,1030,1030,1000,1010,-20,0.980392157,136592,138173600,169,125749,98452,2262.4
8/11/2026,VERTEX-ETF,320,320,315,320,0,-0.689320388,40263,12822960,118,11283,1429,17.3
8/11/2026,USL,30,0,0,30,0,-0.90625,0,0,0,1916,0,11
8/11/2026,TTP,450,455,450,450,0,14,1170,527980,19,220,259,42.8
8/11/2026,TPCC,5850,5900,5850,5870,20,12.04444444,1155,6783750,30,11045,0,1056.2
8/11/2026,TOL,1500,1460,1330,1460,-40,-0.75042735,3258,4741550,30,784,28134,84
8/11/2026,TCCL,3850,3740,3610,3660,-190,,2781,10213400,31,28603,37883,699.1
8/11/2026,TCC,12500,12500,12500,12500,0,0,664,8300000,18,10123,0,1250
8/11/2026,TBL,9950,10000,9950,9970,20,19.94,4983,49704950,33,41,764,2941.7
8/11/2026,SWIS,2620,2680,2300,2340,-280,,14675,34455560,55,2605,9957,84.2
8/11/2026,SWALA,450,0,0,450,0,0,0,0,0,0,0,47.8
8/11/2026,PAL,310,310,300,305,-5,,5738,1749860,40,3560,9532,48.9
8/11/2026,NMG,265,0,0,270,5,5.103,0,0,0,343,0,50.9
8/11/2026,NMB,17600,17600,17570,17600,0,0,115239,2026478370,486,11414,58384,8800
8/11/2026,NICO,3590,3700,3600,3610,20,20.216,7589,27442940,49,7249,9631,222.5
8/11/2026,MUCOBA,455,465,465,465,10,10.23,3625,1685625,29,2724,500,15.2
8/11/2026,MKCB,3740,3880,3740,3870,130,134.676,1285,4966000,9,1378,2154,91.2
8/11/2026,MCB,525,515,450,475,-50,,232164,110353875,595,2793,241297,117.5
8/11/2026,MBP,1660,1700,1650,1680,20,20.16,2480,4178510,20,15113,21901,50.4
8/11/2026,KCB,1900,1930,1880,1900,0,0,18977,35987640,43,12494,0,5643.7
8/11/2026,KA,110,0,0,110,0,0,0,0,0,202,0,625
8/11/2026,JHL,8650,0,0,8650,0,0,0,0,0,11,0,626.9
8/11/2026,JATU,265,0,0,265,0,0,0,0,0,0,0,5.3
8/11/2026,IEACLC-ETF,1360,1370,1340,1350,-10,,95112,128704150,79,23128,54116,187.5
8/11/2026,EABL,5680,0,0,5510,-170,,0,0,0,45,0,4357.2
8/11/2026,DSE,6450,6570,5800,6090,-360,,1242,7567340,21,3464,1454,145.1
8/11/2026,DCB,410,420,390,400,-10,,21550,8608950,100,18979,96752,76.6
8/11/2026,CRDB,2600,2620,2590,2600,0,0,553818,1442616130,1035,435736,138838,6790.8
8/11/2026,AFRIPRISE,635,640,620,630,-5,,57149,35937360,176,7197,38536,92
8/12/2026,YETU,510,0,0,510,0,0,0,0,0,0,0,6.2
8/12/2026,VODA,1010,1030,1000,1010,0,0,163828,165786720,235,102833,155213,2262.4
8/12/2026,VERTEX-ETF,320,330,315,320,0,0,39257,12585575,129,4596,98040,17.3
8/12/2026,USL,30,0,0,30,0,0,0,0,0,2357,0,11
8/12/2026,TTP,450,450,440,450,0,0,209,93910,7,63,530,42.8
8/12/2026,TPCC,5870,5950,5900,5950,80,80.92,856,5087050,19,16291,0,1070.5
8/12/2026,TOL,1460,1460,1450,1450,-10,,3728,5414110,25,1581,24069,83.4
8/12/2026,TCCL,3660,4000,3570,3610,-50,,8317,30170750,34,23718,20520,689.6
8/12/2026,TCC,12500,12500,12500,12500,0,0,137,1712500,9,10035,143,1250
8/12/2026,TBL,9970,10000,9950,9980,10,9.98,5060,50476440,32,1087,2971,2944.7
8/12/2026,SWIS,2340,2600,2500,2590,250,276.612,1566,4038500,27,12684,3393,93.2
8/12/2026,SWALA,450,0,0,450,0,0,0,0,0,0,0,47.8
8/12/2026,PAL,305,310,300,300,-5,,1679,507495,31,710,4052,48.1
8/12/2026,NMG,270,0,0,280,10,10.36,0,0,0,354,0,52.8
8/12/2026,NMB,17600,17700,17580,17600,0,0,199132,3503601310,385,25169,6886,8800
8/12/2026,NICO,3610,3730,3600,3660,50,50.874,8365,30578830,56,2100,16754,225.6
8/12/2026,MUCOBA,465,475,465,465,0,0,875,407875,13,2180,3050,15.2
8/12/2026,MKCB,3870,3850,3740,3820,-50,,556,2115600,15,629,4276,90
8/12/2026,MCB,475,505,410,455,-20,,104593,47360055,263,17270,213091,112.5
8/12/2026,MBP,1680,1700,1690,1700,20,20.23,15989,27174450,17,2844,14277,51
8/12/2026,KCB,1900,1940,1910,1930,30,30.494,4766,9217670,34,9744,34532,5732.8
8/12/2026,KA,110,0,0,110,0,0,0,0,0,222,0,625
8/12/2026,JHL,8650,0,0,8650,0,0,0,0,0,111,0,626.9
8/12/2026,JATU,265,270,270,265,0,0,40,10800,1,0,360,5.3
8/12/2026,IEACLC-ETF,1350,1360,1340,1360,10,10.064,9333,12658400,68,100056,65676,188.9
8/12/2026,EABL,5510,0,0,5530,20,19.908,0,0,0,0,0,4373
8/12/2026,DSE,6090,6300,6200,6220,130,132.486,1320,8234300,18,3140,414,148.2
8/12/2026,DCB,400,410,400,405,5,5.0625,18780,7613580,92,42372,15266,77.6
8/12/2026,CRDB,2600,2640,2610,2620,20,20.174,340739,894277490,1064,431200,35034,6843
8/12/2026,AFRIPRISE,630,640,620,630,0,0,60877,38261185,162,27611,58946,92
8/13/2026,YETU,510,0,0,510,0,0,0,0,0,0,0,6.2
8/13/2026,VODA,1010,1030,1010,1010,0,0,123562,125292310,210,164519,172099,2262.4
8/13/2026,VERTEX-ETF,320,335,330,330,10,10.329,30670,10170535,166,10532,33989,17.8
8/13/2026,USL,30,0,0,30,0,0,0,0,0,3484,0,11
8/13/2026,TTP,450,465,450,450,0,0,224,104010,9,86,1409,42.8
8/13/2026,TPCC,5950,6000,5850,5950,0,0,765,4555900,23,10812,0,1070.5
8/13/2026,TOL,1450,1470,1460,1460,10,10.074,2871,4193660,34,1696,24748,84
8/13/2026,TCCL,3610,4100,3610,3900,290,313.17,5714,22346180,33,20714,2200,745
8/13/2026,TCC,12500,12500,12300,12500,0,0,371,4609500,13,9945,1069,1250
8/13/2026,TBL,9980,9980,9900,9950,-30,,2020,20093160,32,970,1241,2935.8
8/13/2026,SWIS,2590,2600,2450,2570,-20,,3433,8813300,33,12559,709,92.5
8/13/2026,SWALA,450,0,0,450,0,0,0,0,0,0,0,47.8
8/13/2026,PAL,300,345,300,340,40,45.322,6864,2307325,64,3469,1553,54.6
8/13/2026,NMG,280,0,0,280,0,0,0,0,0,198,0,52.8
8/13/2026,NMB,17600,17700,17610,17650,50,49.42,159601,2817334500,416,16961,15880,8825
8/13/2026,NICO,3660,3650,3600,3640,-20,,14739,53602300,83,2739,8987,224.4
8/13/2026,MUCOBA,465,470,465,465,0,0,459,213620,11,2150,3589,15.2
8/13/2026,MKCB,3820,3800,3760,3790,-30,,1437,5448810,17,469,5965,89.3
8/13/2026,MCB,455,470,400,440,-15,,255898,112975535,357,7769,203410,108.8
8/13/2026,MBP,1700,1700,1690,1690,-10,,2589,4381010,24,3266,9218,50.7
8/13/2026,KCB,1930,1970,1930,1970,40,40.779,93744,184222190,62,11967,38354,5851.6
8/13/2026,KA,110,0,0,110,0,0,0,0,0,314,0,625
8/13/2026,JHL,8650,0,0,8650,0,0,0,0,0,111,0,626.9
8/13/2026,JATU,265,0,0,265,0,0,0,0,0,0,360,5.3
8/13/2026,IEACLC-ETF,1360,1360,1340,1340,-20,,36052,48394360,69,121454,65390,186.1
8/13/2026,EABL,5530,0,0,5580,50,50.22,0,0,0,47,0,4412.5
8/13/2026,DSE,6220,6300,6200,6300,80,81.27,617,3879700,16,2603,218,150.1
8/13/2026,DCB,405,450,410,420,15,15.54,5530,2313080,83,52930,20283,80.5
8/13/2026,CRDB,2620,2730,2640,2700,80,82.35,299605,807856780,1130,462792,85287,7052
8/13/2026,AFRIPRISE,630,640,620,625,-5,,123233,77071300,237,12252,71509,91.3
8/14/2026,YETU,510,0,0,510,0,0,0,0,0,0,0,6.2
8/14/2026,VODA,1010,1030,1010,1020,10,10.098,123675,126296500,140,139041,153707,2284.8
8/14/2026,VERTEX-ETF,330,345,330,335,5,5.092,47907,16113210,150,3294,15521,18.1
8/14/2026,USL,30,0,0,30,0,0,0,0,0,2778,0,11
8/14/2026,TTP,450,475,450,450,0,0,236,109540,14,1090,1013,42.8
8/14/2026,TPCC,5950,6060,6000,6050,100,101.64,252884,1504962160,23,8660,10,1088.5
8/14/2026,TOL,1460,1500,1470,1490,30,30.545,1686,2505850,27,2848,3900,85.7
8/14/2026,TCCL,3900,4100,3660,3950,50,50.56,200840,643331900,19,9525,3627,754.5
8/14/2026,TCC,12500,12500,12500,12500,0,0,1069,13362500,2,10147,0,1250
8/14/2026,TBL,9950,9950,9900,9930,-20,,1444,14350900,29,552,970,2929.9
8/14/2026,SWIS,2570,2600,2600,2570,0,0,587,1526200,20,13099,1422,92.5
8/14/2026,SWALA,450,0,0,450,0,0,0,0,0,0,0,47.8
8/14/2026,PAL,340,355,345,345,5,5.0715,3560,1228510,29,1721,18095,55.4
8/14/2026,NMG,280,0,0,275,-5,,0,0,0,138,0,51.9
8/14/2026,NMB,17650,17950,17650,17700,50,49.56,202667,3582788330,461,72424,247,8850
8/14/2026,NICO,3640,4000,3650,3820,180,189.09,26571,101531480,145,15795,2447,235.5
8/14/2026,MUCOBA,465,470,450,455,-10,,747,339550,12,2060,10793,14.9
8/14/2026,MKCB,3790,3790,3500,3760,-30,,2079,7809770,20,1254,9834,88.6
8/14/2026,MCB,440,470,395,405,-35,,189296,76744885,256,23652,43610,100.2
8/14/2026,MBP,1690,1700,1650,1680,-10,,6307,10576380,42,1981,6325,50.4
8/14/2026,KCB,1970,1960,1940,1950,-20,,22888,44643680,41,16139,37220,5792.2
8/14/2026,KA,110,0,0,110,0,0,0,0,0,168,0,625
8/14/2026,JHL,8650,0,0,8650,0,0,0,0,0,111,0,626.9
8/14/2026,JATU,265,0,0,265,0,0,0,0,0,0,360,5.3
8/14/2026,IEACLC-ETF,1340,1350,1340,1340,0,0,10632,14287470,46,103892,66568,189.1
8/14/2026,EABL,5580,0,0,5590,10,10.062,0,0,0,47,0,4420.4
8/14/2026,DSE,6300,6570,6500,6570,270,281.853,285,1871750,13,3092,459,156.5
8/14/2026,DCB,420,480,440,465,45,49.8015,61036,28346610,79,137957,0,89.1
8/14/2026,CRDB,2700,2720,2680,2700,0,0,390325,1052659120,1346,332026,68633,7052
8/14/2026,AFRIPRISE,625,630,620,625,0,0,51667,32287830,165,21261,78845,91.3
8/17/2026,YETU,510,0,0,510,0,0,0,0,0,0,0,6.2
8/17/2026,VODA,1020,1040,1020,1030,10,10.094,90892,93578110,268,93724,15961,2307.2
8/17/2026,VERTEX-ETF,335,350,335,340,5,5.066,81062,27370275,218,1612,17127,18.4
8/17/2026,USL,30,0,0,30,0,0,0,0,0,2440,0,11
8/17/2026,TTP,450,515,475,500,50,55.55,1580,786030,25,174,3832,47.5
8/17/2026,TPCC,6050,6100,6000,6060,10,10.302,3232,19596980,46,3076,56,1090.3
8/17/2026,TOL,1490,1660,1500,1500,10,10.05,2549,3833730,51,3539,4554,86.3
8/17/2026,TCCL,3950,4000,4000,4000,50,50.8,1600,6400000,21,15248,15288,764.1
8/17/2026,TCC,12500,12600,12500,12580,80,80.512,757,9517700,17,10440,0,1258
8/17/2026,TBL,9930,9950,9900,9940,10,9.94,3745,37214950,41,12,684,2932.9
8/17/2026,SWIS,2570,2600,2570,2580,10,10.062,2112,5456080,30,10969,2578,92.9
8/17/2026,SWALA,450,0,0,450,0,0,0,0,0,0,0,47.8
8/17/2026,PAL,345,350,300,320,-25,,3496,1127460,72,32,22891,51.4
8/17/2026,NMG,275,0,0,265,-10,,0,0,0,133,0,50
8/17/2026,NMB,17700,18000,17680,17710,10,10.626,168490,2983673110,665,8132,13729,8855
8/17/2026,NICO,3820,4200,3850,3990,170,177.555,35852,143267160,165,13796,4904,246
8/17/2026,MUCOBA,455,450,450,450,-5,,1072,482400,7,35,7341,14.7
8/17/2026,MKCB,3760,3790,3700,3780,20,20.034,3963,14962900,27,923,7491,89
8/17/2026,MCB,405,430,395,405,0,0,232253,93664355,262,34409,18137,100.2
8/17/2026,MBP,1680,1790,1650,1690,10,10.14,1492,2519700,25,563,1230,50.7
8/17/2026,KCB,1950,1960,1950,1960,10,9.996,11884,23251230,63,11033,29998,5821.9
8/17/2026,KA,110,0,0,120,10,10.908,0,0,0,150,0,681.8
8/17/2026,JHL,8650,0,0,8650,0,0,0,0,0,235,0,626.9
8/17/2026,JATU,265,0,0,265,0,0,0,0,0,20,400,5.3
8/17/2026,IEACLC-ETF,1340,1370,1340,1360,20,20.264,96817,131474760,102,102335,62489,191.9
8/17/2026,EABL,5590,0,0,5600,10,10.08,0,0,0,47,0,4428.3
8/17/2026,DSE,6570,6600,6570,6570,0,0,3035,19949900,43,2191,1569,156.5
8/17/2026,DCB,465,530,480,530,65,74.094,973402,363617115,254,154767,0,101.5
8/17/2026,CRDB,2700,2710,2670,2690,-10,,331433,890288340,1559,236065,223858,7025.9
8/17/2026,AFRIPRISE,625,625,615,620,-5,,84208,52396820,240,10068,65499,90.5
8/18/2026,YETU,510,0,0,510,0,0,0,0,0,0,0,6.2
8/18/2026,VODA,1030,1040,1010,1030,0,0,130410,133935360,289,27981,7531,2307.2
8/18/2026,VERTEX-ETF,340,340,325,330,-10,,24371,8014080,135,0,72348,17.8
8/18/2026,USL,30,0,0,30,0,0,0,0,0,2210,0,11
8/18/2026,TTP,500,500,490,500,0,0,226,112620,18,115,13200,47.5
8/18/2026,TPCC,6060,6060,6000,6030,-30,,4369,26346060,56,986,3111,1084.9
8/18/2026,TOL,1500,1700,1500,1580,80,84.214,13900,21984800,49,4790,4880,90.9
8/18/2026,TCCL,4000,4000,3660,3860,-140,,3827,14806780,26,16944,35153,737.3
8/18/2026,TCC,12580,12800,12500,12520,-60,,1602,20059900,28,114,8,1252
8/18/2026,TBL,9940,9900,9800,9800,-140,,821,8066000,25,52,659,2891.6
8/18/2026,SWIS,2580,2600,2520,2560,-20,,1650,4233790,28,16261,2421,92.2
8/18/2026,SWALA,450,0,0,450,0,0,0,0,0,0,0,47.8
8/18/2026,PAL,320,345,310,320,0,0,5074,1612330,56,3937,15693,51.4
8/18/2026,NMG,265,0,0,260,-5,,0,0,0,133,0,49
8/18/2026,NMB,17710,18000,17680,17700,-10,,243505,4309969950,777,13016,82907,8850
8/18/2026,NICO,3990,4100,3990,4020,30,30.15,260628,1020259610,111,5190,21607,247.8
8/18/2026,MUCOBA,450,450,440,450,0,0,1450,650145,12,35,5728,14.7
8/18/2026,MKCB,3780,3800,3720,3720,-60,,4185,15604700,38,804,6271,87.6
8/18/2026,MCB,405,465,400,420,15,15.54,119117,50213470,217,39219,29783,103.9
8/18/2026,MBP,1690,1750,1550,1610,-80,,3646,5901060,31,5462,965,48.3
8/18/2026,KCB,1960,1990,1950,1980,20,20.196,22920,45293680,48,12523,6300,5881.3
8/18/2026,KA,120,0,0,115,-5,,0,0,0,150,0,653.4
8/18/2026,JHL,8650,0,0,8650,0,0,0,0,0,245,0,626.9
8/18/2026,JATU,265,0,0,265,0,0,0,0,0,20,400,5.3
8/18/2026,IEACLC-ETF,1360,1360,1350,1350,-10,,37917,51227650,63,120898,119002,190.5
8/18/2026,EABL,5600,0,0,5560,-40,,0,0,0,47,0,4396.7
8/18/2026,DSE,6570,6570,6400,6440,-130,,1955,12618060,19,2808,3290,153.4
8/18/2026,DCB,530,605,530,600,70,79.26,295266,177504790,293,51758,0,115
8/18/2026,CRDB,2690,2710,2660,2680,-10,,353959,948656030,1373,125541,167673,6999.7
8/18/2026,AFRIPRISE,620,625,620,625,5,5.0625,33684,20992075,139,7157,49790,91.3
8/19/2026,YETU,510,0,0,510,0,0,0,0,0,0,0,6.2
8/19/2026,VODA,1030,1040,1010,1030,0,0,136376,140276310,170,38043,29040,2307.2
8/19/2026,VERTEX-ETF,330,345,330,335,5,5.092,181533,60822480,107,5856,0,18.1
8/19/2026,USL,30,0,0,30,0,0,0,0,0,1210,0,11
8/19/2026,TTP,500,490,475,500,0,0,205,99320,13,71,12653,47.5
8/19/2026,TPCC,6030,6100,5980,6000,-30,,3878,23280940,56,2017,9963,1079.5
8/19/2026,TOL,1580,1700,1660,1690,110,117.624,22976,38835920,58,16251,70,97.2
8/19/2026,TCCL,3860,4000,3660,3710,-150,,2798,10426130,21,15760,24699,708.7
8/19/2026,TCC,12520,12520,12300,12520,0,0,285,3522500,15,9970,15,1252
8/19/2026,TBL,9800,9950,9800,9870,70,70.077,1511,14892450,28,10,750,2912.2
8/19/2026,SWIS,2560,2600,2550,2560,0,0,3085,7901400,30,16371,1721,92.2
8/19/2026,SWALA,450,0,0,450,0,0,0,0,0,0,0,47.8
8/19/2026,PAL,320,345,300,305,-15,,14297,4405535,59,4020,33066,48.9
8/19/2026,NMG,260,0,0,255,-5,,0,0,0,122,0,48.1
8/19/2026,NMB,17700,17700,17670,17700,0,0,238991,4229030080,1058,9096,10525,8850
8/19/2026,NICO,4020,4020,3990,4000,-20,,13540,54203480,73,4290,54460,246.6
8/19/2026,MUCOBA,450,450,430,450,0,0,390,174900,7,612,5463,14.7
8/19/2026,MKCB,3720,3800,3700,3770,50,50.518,1897,7151920,21,1786,3101,88.8
8/19/2026,MCB,420,480,420,450,30,32.13,80848,36274390,211,24522,75497,111.3
8/19/2026,MBP,1610,1850,1750,1770,160,175.938,6814,12059620,37,1026,729,53.1
8/19/2026,KCB,1980,1990,1970,1980,0,0,268872,524777540,45,10316,9036,5881.3
8/19/2026,KA,115,0,0,115,0,0,0,0,0,140,0,653.4
8/19/2026,JHL,8650,0,0,8650,0,0,0,0,0,401,0,626.9
8/19/2026,JATU,265,270,270,270,5,5.103,360,97200,3,60,40,5.4
8/19/2026,IEACLC-ETF,1350,1380,1350,1360,10,10.064,492777,669742240,88,71823,71642,191.9
8/19/2026,EABL,5560,0,0,5710,150,154.17,0,0,0,0,0,4515.3
8/19/2026,DSE,6440,6600,6400,6540,100,101.37,1398,9138520,26,2622,2484,155.8
8/19/2026,DCB,600,685,580,625,25,26.0625,147388,92207390,304,15457,148628,119.7
8/19/2026,CRDB,2680,2720,2660,2690,10,9.953,705744,1900379800,1275,126290,31252,7025.9
8/19/2026,AFRIPRISE,625,630,600,615,-10,,61997,38287835,229,11020,74333,89.8
8/20/2026,YETU,510,0,0,510,0,0,0,0,0,0,0,6.2
8/20/2026,VODA,1030,1040,1010,1030,0,0,67243,69025960,164,36942,28255,2307.2
8/20/2026,VERTEX-ETF,335,350,330,345,10,10.3155,69343,24026135,141,12977,0,18.6
8/20/2026,USL,30,0,0,30,0,0,0,0,0,25,0,11
8/20/2026,TTP,500,490,485,500,0,0,140,68000,6,161,12533,47.5
8/20/2026,TPCC,6000,6000,5980,6000,0,0,8199,49185680,44,1506,12967,1079.5
8/20/2026,TOL,1690,1750,1700,1730,40,41.001,7047,12174900,51,19626,10629,99.5
8/20/2026,TCCL,3710,4000,3990,4000,290,312.8,6390,25556770,23,16256,12848,764.1
8/20/2026,TCC,12520,12520,12310,12520,0,0,120,1500300,8,11136,72,1252
8/20/2026,TBL,9870,9900,9870,9890,20,19.78,985,9742910,24,200,92,2918.1
8/20/2026,SWIS,2560,2640,2600,2600,40,40.56,684,1788880,22,6432,1858,93.6
8/20/2026,SWALA,450,0,0,450,0,0,0,0,0,0,0,47.8
8/20/2026,PAL,305,320,300,315,10,10.332,5126,1603725,32,7106,28285,50.6
8/20/2026,NMG,255,0,0,255,0,0,0,0,0,78,0,48.1
8/20/2026,NMB,17700,0,0,17700,0,0,0,0,0,0,0,8850
8/20/2026,NICO,4000,4000,3800,3910,-90,,238233,975110350,77,1975,67299,241
8/20/2026,MUCOBA,450,455,430,450,0,0,2194,987200,27,367,3919,14.7
8/20/2026,MKCB,3770,3780,3700,3740,-30,,2280,8517850,12,2329,3359,88.1
8/20/2026,MCB,450,450,420,445,-5,,89518,39983190,149,14434,126401,110.1
8/20/2026,MBP,1770,1850,1770,1790,20,20.227,3489,6266560,33,1846,3582,53.7
8/20/2026,KCB,1980,1980,1960,1970,-10,,137171,268920160,42,26722,10915,5851.6
8/20/2026,KA,115,0,0,115,0,0,0,0,0,47,0,653.4
8/20/2026,JHL,8650,0,0,8650,0,0,0,0,0,402,0,626.9
8/20/2026,JATU,270,0,0,270,0,0,0,0,0,60,40,5.4
8/20/2026,IEACLC-ETF,1360,1370,1350,1360,0,0,117924,159852510,58,122760,56394,191.9
8/20/2026,EABL,5710,0,0,5710,0,0,0,0,0,0,0,4515.3
8/20/2026,DSE,6540,6570,6250,6340,-200,,1787,11335520,11,1031,3980,151
8/20/2026,DCB,625,680,535,555,-70,,63361,35117830,147,753,131720,106.3
8/20/2026,CRDB,2690,2710,2650,2690,0,0,579755,1553256130,1091,100953,123490,7025.9
8/20/2026,AFRIPRISE,615,625,615,620,5,5.022,150219,93131005,214,12308,34421,90.5
8/21/2026,YETU,510,0,0,510,0,0,0,0,0,0,0,6.2
8/21/2026,VODA,1030,1040,1020,1020,-10,,146388,149835010,142,151866,19791,2284.8
8/21/2026,VERTEX-ETF,345,360,335,345,0,0,58785,20210380,125,12834,1205,18.6
8/21/2026,USL,30,0,0,30,0,0,0,0,0,33,0,11
8/21/2026,TTP,500,485,470,475,-25,,474,226290,11,328,12327,45.2
8/21/2026,TPCC,6000,6000,5950,5980,-20,,6277,37525150,48,520,20769,1075.9
8/21/2026,TOL,1730,1790,1700,1750,20,20.3,21294,37301830,54,5872,10000,100.6
8/21/2026,TCCL,4000,4000,3990,4000,0,0,929,3714700,11,16344,14260,764.1
8/21/2026,TCC,12520,12520,12300,12320,-200,,10096,124470360,18,12481,585,1232
8/21/2026,TBL,9890,9950,9900,9900,10,9.9,915,9062900,27,176,4,2921.1
8/21/2026,SWIS,2600,2650,2610,2610,10,9.918,630,1651570,16,8041,1498,94
8/21/2026,SWALA,450,0,0,450,0,0,0,0,0,0,0,47.8
8/21/2026,PAL,315,350,310,315,0,0,5802,1829760,44,7401,22835,50.6
8/21/2026,NMG,255,290,290,255,0,0,100,29000,2,56,0,48.1
8/21/2026,NMB,17700,0,0,17700,0,0,0,0,0,0,0,8850
8/21/2026,NICO,3910,3900,3730,3760,-150,,14689,55384910,93,18477,62089,231.8
8/21/2026,MUCOBA,450,455,455,455,5,5.0505,894,406770,17,2674,4845,14.9
8/21/2026,MKCB,3740,3800,3780,3790,50,50.786,788,2987030,11,2789,2950,89.3
8/21/2026,MCB,445,445,420,430,-15,,66461,28599045,162,37208,106312,106.3
8/21/2026,MBP,1790,1890,1790,1840,50,51.336,2762,5074360,26,1566,2514,55.2
8/21/2026,KCB,1970,1980,1960,1970,0,0,17060,33626880,42,37668,9282,5851.6
8/21/2026,KA,115,0,0,115,0,0,0,0,0,13,0,653.4
8/21/2026,JHL,8650,0,0,8650,0,0,0,0,0,454,0,626.9
8/21/2026,JATU,270,280,280,270,0,0,40,11200,3,160,0,5.4
8/21/2026,IEACLC-ETF,1360,1380,1360,1370,10,10.138,39790,54644290,63,182914,70797,193.3
8/21/2026,EABL,5710,0,0,5710,0,0,0,0,0,0,0,4515.3
8/21/2026,DSE,6340,6570,6340,6480,140,143.208,1220,7946810,29,2589,9184,154.4
8/21/2026,DCB,555,540,495,505,-50,,40617,20436890,178,8053,108193,96.8
8/21/2026,CRDB,2690,2710,2650,2690,0,0,301912,811879890,996,170488,179303,7025.9
8/21/2026,AFRIPRISE,620,625,610,620,0,0,85155,52669260,216,46209,41126,90.5
8/24/2026,YETU,510,0,0,510,0,0,0,0,0,0,0,6.2
8/24/2026,VODA,1020,1040,1020,1020,0,0,332317,339229740,328,180501,38931,2284.8
8/24/2026,VERTEX-ETF,345,360,335,350,5,5.075,77845,27130480,293,2001,137028,18.9
8/24/2026,USL,30,0,0,30,0,0,0,0,0,138,0,11
8/24/2026,TTP,475,485,480,475,0,0,384,184670,18,368,1884,45.2
8/24/2026,TPCC,5980,5950,5890,5940,-40,-39.798,7971,47309170,52,443,13901,1068.7
8/24/2026,TOL,1750,1830,1790,1810,60,62.083,20991,38023150,112,9675,0,104.1
8/24/2026,TCCL,4000,4000,3980,4000,0,0,2562,10237780,22,2950,16766,764.1
8/24/2026,TCC,12320,12500,12300,12410,90,90.593,2354,29215500,32,11602,371,1241
8/24/2026,TBL,9900,9900,9800,9880,-20,-19.76,47365,464581320,34,66,228,2915.2
8/24/2026,SWIS,2610,2640,2620,2640,30,30.36,1914,5045710,39,2579,1161,95
8/24/2026,SWALA,450,0,0,450,0,0,0,0,0,0,0,47.8
8/24/2026,PAL,315,310,300,305,-10,-9.6685,5757,1752440,71,18155,25281,48.9
8/24/2026,NMG,255,290,290,260,5,5.096,24,6960,3,42,33,49
8/24/2026,NMB,1770,1850,1850,1850,-15850,83.62,2301840,4258404000,1830,2037951,0,9250
8/24/2026,NICO,3760,3900,3760,3820,60,61.12,27784,106133970,109,24030,24941,235.5
8/24/2026,MUCOBA,455,470,455,470,15,15.51,710,328600,20,2722,4895,15.4
8/24/2026,MKCB,3790,3850,3790,3790,0,0,3776,14320900,29,1730,1745,89.3
8/24/2026,MCB,430,450,405,420,-10,-9.786,43105,18151345,207,17949,86015,103.9
8/24/2026,MBP,1840,2110,1890,2070,230,258.75,13113,27053180,61,24849,0,62.1
8/24/2026,KCB,1970,1990,1970,1980,10,10.098,33467,66275810,71,31573,30668,5881.3
8/24/2026,KA,115,0,0,115,0,0,0,0,0,10,0,653.4
8/24/2026,JHL,8650,0,0,8650,0,0,0,0,0,120,0,626.9
8/24/2026,JATU,270,0,0,270,0,0,0,0,0,265,0,5.4
8/24/2026,IEACLC-ETF,1370,1390,1370,1390,20,20.294,158867,220698970,128,100571,25516,196.2
8/24/2026,EABL,5710,0,0,5710,0,0,0,0,0,0,0,4515.3
8/24/2026,DSE,6480,6570,6250,6360,-120,-117.66,2374,15188790,35,1141,9252,151.5
8/24/2026,DCB,505,540,440,485,-20,-19.206,42487,20705060,206,12715,34959,92.9
8/24/2026,CRDB,2690,2710,2640,2680,-10,-9.916,814692,2182963040,2170,70508,225191,6999.7
8/24/2026,AFRIPRISE,620,630,615,620,0,0,128569,79885770,325,48311,27603,90.5
8/25/2026,YETU,510,0,0,510,0,0,0,0,0,0,0,6.2
8/25/2026,VODA,1020,1040,1020,1020,0,0,332317,339229740,328,180501,38931,2284.8
8/25/2026,VERTEX-ETF,345,360,335,350,0,0,77845,27130480,293,2001,137028,18.9
8/25/2026,USL,30,0,0,30,0,0,0,0,0,138,0,11
8/25/2026,TTP,475,485,480,475,0,0,384,184670,18,368,1884,45.2
8/25/2026,TPCC,5980,5950,5890,5940,0,0,7971,47309170,52,443,13901,1068.7
8/25/2026,TOL,1750,1830,1790,1810,0,0,20991,38023150,112,9675,0,104.1
8/25/2026,TCCL,4000,4000,3980,4000,0,0,2562,10237780,22,2950,16766,764.1
8/25/2026,TCC,12320,12500,12300,12410,0,0,2354,29215500,32,11602,371,1241
8/25/2026,TBL,9900,9900,9800,9880,0,0,47365,464581320,34,66,228,2915.2
8/25/2026,SWIS,2610,2640,2620,2640,0,0,1914,5045710,39,2579,1161,95
8/25/2026,SWALA,450,0,0,450,0,0,0,0,0,0,0,47.8
8/25/2026,PAL,315,310,300,305,0,0,5757,1752440,71,18155,25281,48.9
8/25/2026,NMG,255,290,290,260,0,0,24,6960,3,42,33,49
8/25/2026,NMB,1770,1850,1850,1850,0,0,2301840,4258404000,1830,2037951,0,9250
8/25/2026,NICO,3760,3900,3760,3820,0,0,27784,106133970,109,24030,24941,235.5
8/25/2026,MUCOBA,455,470,455,470,0,0,710,328600,20,2722,4895,15.4
8/25/2026,MKCB,3790,3850,3790,3790,0,0,3776,14320900,29,1730,1745,89.3
8/25/2026,MCB,430,450,405,420,0,0,43105,18151345,207,17949,86015,103.9
8/25/2026,MBP,1840,2110,1890,2070,0,0,13113,27053180,61,24849,0,62.1
8/25/2026,KCB,1970,1990,1970,1980,0,0,33467,66275810,71,31573,30668,5881.3
8/25/2026,KA,115,0,0,115,0,0,0,0,0,10,0,653.4
8/25/2026,JHL,8650,0,0,8650,0,0,0,0,0,120,0,626.9
8/25/2026,JATU,270,0,0,270,0,0,0,0,0,265,0,5.4
8/25/2026,IEACLC-ETF,1370,1390,1370,1390,0,0,158867,220698970,128,100571,25516,196.2
8/25/2026,EABL,5710,0,0,5710,0,0,0,0,0,0,0,4515.3
8/25/2026,DSE,6480,6570,6250,6360,0,0,2374,15188790,35,1141,9252,151.5
8/25/2026,DCB,505,540,440,485,0,0,42487,20705060,206,12715,34959,92.9
8/25/2026,CRDB,2690,2710,2640,2680,0,0,814692,2182963040,2170,70508,225191,6999.7
8/25/2026,AFRIPRISE,620,630,615,620,0,0,128569,79885770,325,48311,27603,90.5
8/26/2026,YETU,510,0,0,510,0,0,0,0,0,0,0,6.2
8/26/2026,VODA,1020,1040,1020,1030,10,10.094,109771,112918610,376,184894,85123,2307.2
8/26/2026,VERTEX-ETF,350,350,335,345,-5,-4.9335,28717,9975965,293,0,172030,18.6
8/26/2026,USL,30,0,0,30,0,0,0,0,0,236,0,11
8/26/2026,TTP,475,485,475,480,5,5.04,927,445100,34,101,1232,45.6
8/26/2026,TPCC,5940,5900,5830,5850,-90,-88.92,10245,59974210,71,130,16110,1052.6
8/26/2026,TOL,1810,2000,1830,1980,170,185.922,7816,15434730,81,14277,5966,113.9
8/26/2026,TCCL,4000,3980,3980,3980,-20,-19.9,1557,6196860,15,108,16975,760.2
8/26/2026,TCC,12410,12410,12400,12410,0,0,544,6746540,29,10413,691,1241
8/26/2026,TBL,9880,9880,9800,9850,-30,-29.55,401060,3970456800,33,661,515,2906.3
8/26/2026,SWIS,2640,2700,2550,2620,-20,-19.912,4084,10715430,56,284,2253,94.3
8/26/2026,SWALA,450,0,0,450,0,0,0,0,0,0,0,47.8
8/26/2026,PAL,305,320,305,315,10,10.332,34449,10857990,65,14178,7616,50.6
8/26/2026,NMG,260,290,290,250,-10,-9.625,33,9570,1,1300,0,47.1
8/26/2026,NMB,1850,1940,1940,1940,90,94.284,1998754,3877582760,497,4924570,0,9700
8/26/2026,NICO,3820,4000,3800,3880,60,60.916,42605,165215640,131,16217,36802,239.2
8/26/2026,MUCOBA,470,470,460,465,-5,-4.929,758,352460,17,126,3245,15.2
8/26/2026,MKCB,3790,3800,3740,3800,10,9.88,1141,4322230,29,1662,2124,89.5
8/26/2026,MCB,420,420,390,405,-15,-14.4585,131910,53150810,254,19195,73712,100.2
8/26/2026,MBP,2070,2380,2110,2330,260,292.648,25121,58526390,111,11335,5996,69.9
8/26/2026,KCB,1980,1990,1970,1980,0,0,25316,50006160,57,24364,23475,5881.3
8/26/2026,KA,115,0,0,115,0,0,0,0,0,0,0,653.4
8/26/2026,JHL,8650,0,0,8650,0,0,0,0,0,21,0,626.9
8/26/2026,JATU,270,0,0,270,0,0,0,0,0,225,0,5.4
8/26/2026,IEACLC-ETF,1390,1390,1370,1390,0,0,142621,197644650,117,306757,56011,196.2
8/26/2026,EABL,5710,0,0,5710,0,0,0,0,0,0,0,4515.3
8/26/2026,DSE,6360,6560,6500,6510,150,153.636,3847,25066550,39,1096,766,155.1
8/26/2026,DCB,485,530,460,495,10,10.197,38865,19235940,170,6673,64222,94.8
8/26/2026,CRDB,2680,2700,2600,2660,-20,-19.95,1566034,4205430530,2503,121000,485340,6947.5
8/26/2026,AFRIPRISE,620,640,620,630,10,10.143,328844,207140765,413,22702,1841,92
8/27/2026,YETU,510,0,0,510,0,0,0,0,0,0,0,6.2
8/27/2026,VODA,1030,1050,1020,1030,0,0,106447,109920110,204,161078,70355,2307.2
8/27/2026,VERTEX-ETF,345,340,330,335,-10,-9.715,17523,5850515,139,0,76659,18.1
8/27/2026,USL,30,0,0,30,0,0,0,0,0,211,0,11
8/27/2026,TTP,480,485,485,485,5,5.044,769,372965,21,195,1512,46.1
8/27/2026,TPCC,5850,5890,5740,5770,-80,-79.049,6443,37204630,69,100,10645,1038.2
8/27/2026,TOL,1980,2000,1830,1980,0,0,14158,27964340,117,8753,7905,113.9
8/27/2026,TCCL,3980,3980,3390,3720,-260,-242.916,8278,30797990,33,3832,8407,710.6
8/27/2026,TCC,12410,12410,12300,12340,-70,-69.104,2085,25758410,24,9455,479,1234
8/27/2026,TBL,9850,9880,9800,9850,0,0,854,8420020,26,1147,449,2906.3
8/27/2026,SWIS,2620,2700,2530,2570,-50,-49.087,1804,4650200,41,1024,1866,92.5
8/27/2026,SWALA,450,0,0,450,0,0,0,0,0,0,0,47.8
8/27/2026,PAL,315,345,320,345,30,32.844,10351,3549570,31,16204,8716,55.4
8/27/2026,NMG,250,0,0,260,10,10.4,0,0,0,57,0,49
8/27/2026,NMB,1940,2030,2030,2030,90,94.192,9924919,19385658770,2404,4120164,0,10150
8/27/2026,NICO,3880,4000,3800,3880,0,0,7887,30598880,68,20836,28925,239.2
8/27/2026,MUCOBA,465,460,455,455,-10,-9.7825,654,299505,13,0,3639,14.9
8/27/2026,MKCB,3800,3740,3600,3670,-130,-125.514,4646,17025000,42,1433,2759,86.5
8/27/2026,MCB,405,420,390,400,-5,-4.92,88317,35234595,171,14921,116214,98.9
8/27/2026,MBP,2330,2390,2110,2270,-60,-58.566,16209,36811580,92,99,28466,68.1
8/27/2026,KCB,1980,1990,1970,1990,10,10.149,23534,46721460,59,5024,13032,5911
8/27/2026,KA,115,0,0,115,0,0,0,0,0,30,0,653.4
8/27/2026,JHL,8650,0,0,8650,0,0,0,0,0,21,0,626.9
8/27/2026,JATU,270,0,0,270,0,0,0,0,0,225,0,5.4
8/27/2026,IEACLC-ETF,1390,1410,1390,1390,0,0,443864,618072180,116,43747,71262,196.2
8/27/2026,EABL,5710,0,0,5720,10,10.296,0,0,0,0,0,4523.2
8/27/2026,DSE,6510,6560,6380,6500,-10,-9.75,511,3323630,19,998,3530,154.9
8/27/2026,DCB,495,490,440,460,-35,-32.522,43184,19880760,127,6866,149387,88.1
8/27/2026,CRDB,2660,2700,2620,2640,-20,-19.8,620200,1622254750,1870,109636,364893,6895.3
8/27/2026,AFRIPRISE,630,650,615,630,0,0,222523,139850755,268,40024,63683,92
8/28/2026,YETU,510,0,0,510,0,0,0,0,0,0,0,6.2
8/28/2026,VODA,1030,1070,1040,1050,20,20.37,77373,81098410,202,128421,60525,2352
8/28/2026,VERTEX-ETF,335,350,320,325,-10,-9.7175,49979,16263595,143,1046,49058,17.6
8/28/2026,USL,30,0,0,30,0,0,0,0,0,203,0,11
8/28/2026,TTP,485,495,480,485,0,0,643,311815,14,175,2046,46.1
8/28/2026,TPCC,5770,5800,5660,5720,-50,-49.764,3005,17226950,39,10166,7340,1029.2
8/28/2026,TOL,1980,1990,1800,1850,-130,-121.545,12636,23405670,85,2816,10908,106.4
8/28/2026,TCCL,3720,3800,3660,3720,0,0,1725,6415820,17,24473,7003,710.6
8/28/2026,TCC,12340,12500,12400,12400,60,60.76,606,7522450,15,325,275,1240
8/28/2026,TBL,9850,9900,9800,9870,20,19.74,1289,12722220,27,867,551,2912.2
8/28/2026,SWIS,2570,2570,2530,2530,-40,-39.468,1800,4568920,22,729,2546,91.1
8/28/2026,SWALA,450,0,0,450,0,0,0,0,0,0,0,47.8
8/28/2026,PAL,345,350,345,350,5,5.075,3849,1340115,59,15048,18039,56.2
8/28/2026,NMG,260,0,0,275,15,15.8675,0,0,0,33,0,51.9
8/28/2026,NMB,2030,2130,2130,2130,100,105.009,4010704,8542799520,4085,2063519,0,10650
8/28/2026,NICO,3880,3900,3750,3820,-60,-59.21,21035,80449610,86,19835,14236,235.5
8/28/2026,MUCOBA,455,455,450,450,-5,-4.95,694,312410,2,2339,4137,14.7
8/28/2026,MKCB,3670,3790,3680,3690,20,19.926,2678,9893070,28,478,4281,86.9
8/28/2026,MCB,400,400,390,395,-5,-4.9375,23067,9147885,104,16715,104844,97.7
8/28/2026,MBP,2270,2160,2110,2160,-110,-104.76,3770,8124560,27,1129,26198,64.8
8/28/2026,KCB,1990,1990,1970,1990,0,0,8307,16500490,32,7613,15514,5911
8/28/2026,KA,115,0,0,115,0,0,0,0,0,30,0,653.4
8/28/2026,JHL,8650,0,0,8650,0,0,0,0,0,41,0,626.9
8/28/2026,JATU,270,0,0,270,0,0,0,0,0,125,0,5.4
8/28/2026,IEACLC-ETF,1390,1400,1390,1400,10,10.08,224383,313256350,106,127609,87170,202.5
8/28/2026,EABL,5720,0,0,5700,-20,-19.95,0,0,0,0,0,4507.4
8/28/2026,DSE,6500,6500,6380,6460,-40,-40.052,614,3971720,18,1572,3329,153.9
8/28/2026,DCB,460,475,450,465,5,5.0685,9372,4363880,110,15534,138408,89.1
8/28/2026,CRDB,2640,2660,2630,2640,0,0,493656,1303996780,1597,123061,258281,6895.3
8/28/2026,AFRIPRISE,630,630,620,625,-5,-4.9375,105125,65908115,183,26756,35267,91.3
8/31/2026,YETU,510,0,0,510,0,0,0,0,0,0,0,6.2
8/31/2026,VODA,1050,1080,1040,1050,0,0,97541,102158460,187,104765,4944,2352
8/31/2026,VERTEX-ETF,325,335,320,325,0,0,40503,13207790,155,2728,8281,17.6
8/31/2026,USL,30,0,0,30,0,0,0,0,0,98775,0,11
8/31/2026,TTP,485,485,480,480,-5,-4.944,545,262480,10,550,2718,45.6
8/31/2026,TPCC,5720,5800,5700,5800,80,81.2,7585,43949160,44,9527,1326,1043.6
8/31/2026,TOL,1850,1850,1820,1830,-20,-19.764,5463,10013910,52,433,9680,105.2
8/31/2026,TCCL,3720,3720,3600,3710,-10,-10.017,1855,6877620,26,23726,4332,708.7
8/31/2026,TCC,12400,12500,12300,12500,100,101.25,753,9365650,22,70,254,1250
8/31/2026,TBL,9870,10000,9800,9890,20,19.78,2541,25110060,47,521,981,2918.1
8/31/2026,SWIS,2530,2550,2530,2530,0,0,1194,3024160,18,2809,1480,91.1
8/31/2026,SWALA,450,0,0,450,0,0,0,0,0,0,0,47.8
8/31/2026,PAL,350,345,320,335,-15,-14.3715,3540,1176440,48,7987,11336,53.8
8/31/2026,NMG,275,0,0,280,5,5.096,0,0,0,33,30,52.8
8/31/2026,NMB,2130,2230,2030,2110,-20,-19.834,6037004,12797747170,6368,0,685949,10550
8/31/2026,NICO,3820,4000,3830,3880,60,60.916,18011,69955140,75,10678,22878,239.2
8/31/2026,MUCOBA,450,460,455,455,5,5.0505,932,425220,15,1661,3379,14.9
8/31/2026,MKCB,3690,3780,3690,3700,10,9.99,1076,3987510,14,442,7863,87.2
8/31/2026,MCB,395,400,385,400,5,5.08,120425,48060815,138,86023,81274,98.9
8/31/2026,MBP,2160,2110,2000,2030,-130,-122.206,2322,4700840,31,524,26538,60.9
8/31/2026,KCB,1990,2010,1990,2000,10,10,20241,40447130,58,18850,3000,5940.7
8/31/2026,KA,115,0,0,115,0,0,0,0,0,30,0,653.4
8/31/2026,JHL,8650,0,0,8650,0,0,0,0,0,31,0,626.9
8/31/2026,JATU,270,0,0,270,0,0,0,0,0,0,0,5.4
8/31/2026,IEACLC-ETF,1400,1410,1400,1400,0,0,3633600,5121582960,68,9604,71918,202.5
8/31/2026,EABL,5700,0,0,5710,10,10.278,0,0,0,0,0,4515.3
8/31/2026,DSE,6460,6460,6380,6410,-50,-49.357,1941,12432380,20,1315,3028,152.7
8/31/2026,DCB,465,485,460,475,10,10.2125,21158,10064400,60,66045,123309,91
8/31/2026,CRDB,2640,2650,2540,2640,0,0,620543,1638797260,1487,134727,117977,6895.3
8/31/2026,AFRIPRISE,625,630,615,625,0,0,96630,60554725,214,27859,90590,91.3
9/1/2026,YETU,510,,,510,0,,,,,,,6.2
9/1/2026,VODA,1050,1100,1040,1060,10,0.95,44371,47152180,158,161092,,2374.4
9/1/2026,VERTEX-ETF,325,325,310,320,-5,-1.54,34657,11025820,141,34243,57525,17.3
9/1/2026,USL,30,,,30,0,,,,,98777,,11
9/1/2026,TTP,480,480,480,480,0,,392,188160,7,258,2570,45.6
9/1/2026,TPCC,5800,5800,5770,5800,0,,4556,26424500,49,8019,,1043.6
9/1/2026,TOL,1830,1900,1820,1870,40,2.19,4534,8478160,59,201,5160,107.5
9/1/2026,TCCL,3710,3720,3710,3710,0,,1793,6654980,20,22300,4244,708.7
9/1/2026,TCC,12500,12500,12400,12480,-20,-0.16,1063,13249200,14,12193,450,1248
9/1/2026,TBL,9890,10000,9950,9990,100,1.01,1851,18497350,15,3535,633,2947.6
9/1/2026,SWIS,2530,2700,2530,2540,10,0.4,2376,6041440,22,2626,1077,91.4
9/1/2026,SWALA,450,,,450,0,,,,,,,47.8
9/1/2026,PAL,335,345,305,310,-25,-7.46,17473,5430495,54,6308,14975,49.8
9/1/2026,NMG,280,,,300,20,7.14,,,,33,140,56.6
9/1/2026,NMB,2110,2080,2010,2020,-90,-4.27,6238564,13337398140,2648,,514801,10100
9/1/2026,NICO,3880,4000,3800,3890,10,0.26,87290,336752810,97,7683,13749,239.8
9/1/2026,MUCOBA,455,460,460,460,5,1.1,633,291180,8,1569,4010,15
9/1/2026,MKCB,3700,3700,3690,3700,0,,1412,5218710,29,310,14415,87.2
9/1/2026,MCB,400,400,385,390,-10,-2.5,148635,58199455,192,23341,109828,96.5
9/1/2026,MBP,2030,2030,1850,1870,-160,-7.88,2932,5514970,30,2150,5692,56.1
9/1/2026,KCB,2000,2080,1990,1990,-10,-0.5,60339,120360290,68,7826,4098,5911
9/1/2026,KA,115,,,115,0,,,,,83,,653.4
9/1/2026,JHL,8650,,,8650,0,,,,,72,,626.9
9/1/2026,JATU,270,,,270,0,,,,,39,,5.4
9/1/2026,IEACLC-ETF,1400,1450,1400,1430,30,2.14,59678,85517360,85,223949,100309,206.9
9/1/2026,EABL,5710,,,5730,20,0.35,,,,,,4531.1
9/1/2026,DSE,6410,6500,6440,6480,70,1.09,2241,14505480,24,1014,3536,154.4
9/1/2026,DCB,475,495,480,490,15,3.16,74921,36606020,121,62178,143199,93.9
9/1/2026,CRDB,2640,2670,2630,2650,10,0.38,848982,2246106060,1307,140638,39954,6921.4
9/1/2026,AFRIPRISE,625,630,615,620,-5,-0.8,153228,95003670,225,16201,57970,90.5
9/2/2026,YETU,510,,,510,0,,,,,,,6.2
9/2/2026,VODA,1060,1100,1060,1070,10,0.94,50025,53634780,167,59809,60539,2396.8
9/2/2026,VERTEX-ETF,320,320,310,315,-5,-1.56,72256,22610585,148,115289,28532,17
9/2/2026,USL,30,,,30,0,,,,,98757,,11
9/2/2026,TTP,480,480,480,480,0,,384,184320,10,400,11387,45.6
9/2/2026,TPCC,5800,5850,5800,5850,50,0.86,1381,8072050,14,22753,,1052.6
9/2/2026,TOL,1870,1900,1830,1870,0,,5006,9340630,52,2697,6406,107.5
9/2/2026,TCCL,3710,3720,3710,3720,10,0.27,4923,18292440,22,42045,18349,710.6
9/2/2026,TCC,12480,12600,12550,12560,80,0.64,4698,59010900,12,10998,,1256
9/2/2026,TBL,9990,10000,9880,9930,-60,-0.6,8194,81401500,47,134,1131,2929.9
9/2/2026,SWIS,2540,2700,2650,2670,130,5.12,2870,7665100,15,14681,2652,96.1
9/2/2026,SWALA,450,,,450,0,,,,,,,47.8
9/2/2026,PAL,310,330,305,305,-5,-1.61,12100,3709045,40,8618,71793,48.9
9/2/2026,NMG,300,,,315,15,5,,,,,140,59.4
9/2/2026,NMB,2020,2010,1920,1970,-50,-2.48,1008148,1974464130,2391,,455391,9850
9/2/2026,NICO,3890,4200,3890,4030,140,3.6,29419,118616120,91,10168,26589,248.4
9/2/2026,MUCOBA,460,460,450,450,-10,-2.17,1929,870480,18,,2842,14.7
9/2/2026,MKCB,3700,3690,3690,3690,-10,-0.27,1475,5442750,21,1736,14500,86.9
9/2/2026,MCB,390,400,375,395,5,1.28,78664,31136280,156,86059,110134,97.7
9/2/2026,MBP,1870,2000,1770,1830,-40,-2.14,10956,20042990,55,12536,1148,54.9
9/2/2026,KCB,1990,2080,1990,2060,70,3.52,28955,59767280,35,11425,,6118.9
9/2/2026,KA,115,,,115,0,,,,,83,,653.4
9/2/2026,JHL,8650,,,8650,0,,,,,31,,626.9
9/2/2026,JATU,270,,,270,0,,,,,39,,5.4
9/2/2026,IEACLC-ETF,1430,1450,1410,1430,0,,27512,39440280,62,210175,61374,206.9
9/2/2026,EABL,5730,,,5880,150,2.62,,,,,,4649.8
9/2/2026,DSE,6480,6750,6440,6620,140,2.16,3296,21726290,27,2180,733,157.7
9/2/2026,DCB,490,490,480,485,-5,-1.02,9951,4843705,98,76272,203235,92.9
9/2/2026,CRDB,2650,2700,2630,2670,20,0.75,545874,1457878750,1113,169065,181861,6973.6
9/2/2026,AFRIPRISE,620,630,615,625,5,0.81,115073,71834665,241,56803,57560,91.3
9/3/2026,YETU,510,,,510,0,,,,,,,6.2
9/3/2026,VODA,1070,1080,1050,1070,0,,75583,80561830,99,33702,123513,2396.8
9/3/2026,VERTEX-ETF,315,315,310,315,0,,7960,2497575,24,79542,12163,17
9/3/2026,USL,30,,,30,0,,,,,98757,,11
9/3/2026,TTP,480,480,470,470,-10,-2.08,210,99300,3,259,12027,44.7
9/3/2026,TPCC,5850,5850,5740,5770,-80,-1.37,26951,155626660,35,,2311,1038.2
9/3/2026,TOL,1870,1880,1820,1840,-30,-1.6,4183,7684080,17,120,22536,105.8
9/3/2026,TCCL,3720,3710,3500,3570,-150,-4.03,34587,123623900,17,18539,32848,681.9
9/3/2026,TCC,12560,,,12560,0,,,,,13143,,1256
9/3/2026,TBL,9930,10000,9800,9910,-20,-0.2,568844,6141491910,23,1605,,2924
9/3/2026,SWIS,2670,2650,2650,2670,0,,80,212000,1,3876,2595,96.1
9/3/2026,SWALA,450,,,450,0,,,,,,,47.8
9/3/2026,PAL,305,305,300,305,0,,714,216770,7,10471,71482,48.9
9/3/2026,NMG,315,275,275,340,25,7.94,9,2475,1,,431,64.1
9/3/2026,NMB,1970,2000,1920,1950,-20,-1.02,1709531,3297363790,645,103210,281307,9750
9/3/2026,NICO,4030,4200,4000,4080,50,1.24,4867,19875830,32,10502,46000,251.5
9/3/2026,MUCOBA,450,450,450,450,0,,20,9000,2,20,2942,14.7
9/3/2026,MKCB,3690,3700,3690,3690,0,,1503,5546600,14,557,14447,86.9
9/3/2026,MCB,395,395,385,390,-5,-1.27,10582,4124010,41,77134,105137,96.5
9/3/2026,MBP,1830,2010,1950,1980,150,8.2,1915,3797830,14,11166,67,59.4
9/3/2026,KCB,2060,2160,2100,2140,80,3.88,3128,6691140,10,32567,,6356.5
9/3/2026,KA,115,,,115,0,,,,,53,,653.4
9/3/2026,JHL,8650,,,8650,0,,,,,31,,626.9
9/3/2026,JATU,270,,,270,0,,,,,39,,5.4
9/3/2026,IEACLC-ETF,1430,1460,1420,1450,20,1.4,118475,171768360,34,240879,30640,209.8
9/3/2026,EABL,5880,,,6030,150,2.55,,,,,,4768.4
9/3/2026,DSE,6620,6600,6460,6500,-120,-1.81,8857,57585700,9,11870,773,154.9
9/3/2026,DCB,485,490,480,480,-5,-1.03,48036,23119595,36,35441,114356,92
9/3/2026,CRDB,2670,2700,2660,2680,10,0.37,11879785,32981913340,264,283497,76490,6999.7
9/3/2026,AFRIPRISE,625,620,615,615,-10,-1.6,33158,20415720,56,58777,60196,89.8
9/4/2026,YETU,510,,,510,0,,,,,,,6.2
9/4/2026,VODA,1070,1070,1050,1050,-20,-1.87,283522,299002890,231,183781,63610,2352
9/4/2026,VERTEX-ETF,315,330,310,325,10,3.17,32334,10457515,90,161542,40465,17.6
9/4/2026,USL,30,,,30,0,,,,,100061,,11
9/4/2026,TTP,470,480,470,475,5,1.06,577,273960,9,34,14950,45.2
9/4/2026,TPCC,5770,5800,5750,5760,-10,-0.17,8640,49764100,44,5392,8368,1036.4
9/4/2026,TOL,1840,1830,1820,1830,-10,-0.54,10680,19534200,54,479,36467,105.2
9/4/2026,TCCL,3570,3600,3570,3600,30,0.84,30631,110235600,33,12722,57537,687.7
9/4/2026,TCC,12560,12800,12600,12600,40,0.32,17236,217203400,26,20593,691,1260
9/4/2026,TBL,9910,10100,9990,10000,90,0.91,1635,16351400,28,1324,11439,2950.6
9/4/2026,SWIS,2670,2790,2630,2660,-10,-0.37,2935,7823020,21,4871,1389,95.8
9/4/2026,SWALA,450,,,450,0,,,,,,,47.8
9/4/2026,PAL,305,305,305,305,0,,15611,4761355,36,6953,5988,48.9
9/4/2026,NMG,340,300,300,340,0,,110,33000,3,1000,300,64.1
9/4/2026,NMB,1950,2040,1980,2020,70,3.59,1194103,2314855340,1014,1155358,,10100
9/4/2026,NICO,4080,4180,3980,4030,-50,-1.23,22301,89982610,75,9677,45453,248.4
9/4/2026,MUCOBA,450,,,450,0,,,,,3999,2942,14.7
9/4/2026,MKCB,3690,3750,3680,3700,10,0.27,2809,10409660,27,1463,13053,87.2
9/4/2026,MCB,390,445,385,400,10,2.56,201179,80780320,229,90040,112625,98.9
9/4/2026,MBP,1980,2200,2000,2010,30,1.52,4819,9698880,37,4108,776,60.3
9/4/2026,KCB,2140,2240,2160,2220,80,3.74,40534,89883200,72,7934,9914,6594.2
9/4/2026,KA,115,,,115,0,,,,,53,,653.4
9/4/2026,JHL,8650,,,8650,0,,,,,101,,626.9
9/4/2026,JATU,270,,,270,0,,,,,139,,5.4
9/4/2026,IEACLC-ETF,1450,1450,1420,1440,-10,-0.69,32652,47070960,96,206376,36059,208.3
9/4/2026,EABL,6030,,,6030,0,,,,,,,4768.4
9/4/2026,DSE,6500,6500,6300,6410,-90,-1.38,2754,17668470,28,10158,2110,152.7
9/4/2026,DCB,480,500,480,490,10,2.08,349999,171241310,138,47836,276905,93.9
9/4/2026,CRDB,2680,2800,2640,2730,50,1.87,1662418,4478817980,1430,267007,29666,7130.3
9/4/2026,AFRIPRISE,615,630,615,615,0,,303615,187405115,413,44657,91712,89.8
9/7/2026,YETU,510,,,510,0,,,,,,,6.2
9/7/2026,VODA,1050,1100,1030,1070,20,1.9,90204,96858130,295,195086,1362,2396.8
9/7/2026,VERTEX-ETF,325,330,310,320,-5,-1.54,98630,31611030,296,79974,71035,17.3
9/7/2026,USL,30,,,30,0,,,,,1384,,11
9/7/2026,TTP,475,470,460,470,-5,-1.05,1727,810370,17,31,7086,44.7
9/7/2026,TPCC,5760,5850,5790,5800,40,0.69,17089,99104880,54,10848,4752,1043.6
9/7/2026,TOL,1830,2100,1800,2020,190,10.38,116275,234480530,314,2846,,116.2
9/7/2026,TCCL,3600,3600,3600,3600,0,,55556,200001600,41,91913,76229,687.7
9/7/2026,TCC,12600,12850,12600,12810,210,1.67,3188,40844250,38,23669,,1281
9/7/2026,TBL,10000,10000,9950,10000,0,,4666,46648870,29,1144,8398,2950.6
9/7/2026,SWIS,2660,2790,2670,2700,40,1.5,1393,3774350,22,1415,6466,97.2
9/7/2026,SWALA,450,,,450,0,,,,,,,47.8
9/7/2026,PAL,305,350,305,330,25,8.2,5840,1936705,59,11174,58242,53
9/7/2026,NMG,340,,,350,10,2.94,,,,,300,66
9/7/2026,NMB,2020,2120,2020,2120,100,4.95,2470449,5119670460,2864,747236,,10600
9/7/2026,NICO,4030,4100,3980,4010,-20,-0.5,18840,75625420,122,2440,23885,247.2
9/7/2026,MUCOBA,450,485,450,470,20,4.44,4464,2086140,33,4093,1472,15.4
9/7/2026,MKCB,3700,3790,3700,3720,20,0.54,1839,6853400,35,1784,2206,87.6
9/7/2026,MCB,400,405,395,400,0,,162235,64795885,210,84072,136314,98.9
9/7/2026,MBP,2010,2200,2000,2090,80,3.98,17453,36522340,75,10214,17955,62.7
9/7/2026,KCB,2220,2220,2160,2200,-20,-0.9,515236,908495310,61,5724,20621,6534.8
9/7/2026,KA,115,,,115,0,,,,,53,,653.4
9/7/2026,JHL,8650,,,8650,0,,,,,40,,626.9
9/7/2026,JATU,270,,,270,0,,,,,139,,5.4
9/7/2026,IEACLC-ETF,1440,1500,1430,1480,40,2.78,825738,1165352020,106,185103,108290,214.1
9/7/2026,EABL,6030,,,5840,-190,-3.15,,,,,,4618.1
9/7/2026,DSE,6410,6500,6380,6400,-10,-0.16,1340,8581980,29,10360,2759,152.5
9/7/2026,DCB,490,500,465,480,-10,-2.04,53170,25561620,174,3798,260769,92
9/7/2026,CRDB,2730,2810,2640,2790,60,2.2,3771148,10169407210,1927,344867,35651,7287
9/7/2026,AFRIPRISE,615,670,610,615,0,,269852,166051820,404,40157,46865,89.8
9/8/2026,YETU,510,,,510,0,,,,,,,6.2
9/8/2026,VODA,1070,1120,1060,1080,10,0.93,121395,131082010,266,171652,56434,2419.2
9/8/2026,VERTEX-ETF,320,330,310,315,-5,-1.56,112881,35685620,231,69618,85133,17
9/8/2026,USL,30,,,30,0,,,,,1392,,11
9/8/2026,TTP,470,470,450,470,0,,1142,534360,12,14,7000,44.7
9/8/2026,TPCC,5800,5800,5790,5800,0,,9152,53039990,49,3019,39963,1043.6
9/8/2026,TOL,2020,2320,2020,2300,280,13.86,45233,104142870,174,8049,11580,132.3
9/8/2026,TCCL,3600,3680,3580,3600,0,,54646,196917000,35,18188,49109,687.7
9/8/2026,TCC,12810,13000,13000,13000,190,1.48,81487,1059331000,10,13706,,1300
9/8/2026,TBL,10000,9990,9950,9990,-10,-0.1,763,7621770,23,1894,10068,2947.6
9/8/2026,SWIS,2700,2780,2700,2780,80,2.96,4124,11421820,34,2488,4017,100.1
9/8/2026,SWALA,450,,,450,0,,,,,,,47.8
9/8/2026,PAL,330,345,335,345,15,4.55,4645,1600285,46,8454,54566,55.4
9/8/2026,NMG,350,,,340,-10,-2.86,,,,,321,64.1
9/8/2026,NMB,2120,2220,2100,2120,0,,1256879,2665789120,2680,338773,364688,10600
9/8/2026,NICO,4010,4000,3750,3860,-150,-3.74,14078,54390450,136,4016,14721,238
9/8/2026,MUCOBA,470,485,475,480,10,2.13,965,462895,14,3684,1190,15.7
9/8/2026,MKCB,3720,4000,3680,3730,10,0.27,2996,11206240,33,491,17047,87.9
9/8/2026,MCB,400,400,395,400,0,,42720,16997130,85,154575,238394,98.9
9/8/2026,MBP,2090,2290,2020,2210,120,5.74,22131,48977180,56,5790,13305,66.3
9/8/2026,KCB,2200,2210,2100,2130,-70,-3.18,815984,1714104660,66,,59064,6326.8
9/8/2026,KA,115,,,115,0,,,,,1002,,653.4
9/8/2026,JHL,8650,,,8650,0,,,,,50,,626.9
9/8/2026,JATU,270,,,270,0,,,,,100,,5.4
9/8/2026,IEACLC-ETF,1480,1470,1460,1460,-20,-1.35,37104,54288580,89,126226,84312,211.2
9/8/2026,EABL,5840,,,5870,30,0.51,,,,,,4641.9
9/8/2026,DSE,6400,6400,6380,6400,0,,384,2455100,18,2735,3921,152.5
9/8/2026,DCB,480,490,450,460,-20,-4.17,29755,13634555,102,23909,82223,88.1
9/8/2026,CRDB,2790,2820,2680,2800,10,0.36,2328176,6300585590,1332,255920,50179,7313.2
9/8/2026,AFRIPRISE,615,645,605,615,0,,269728,165328170,327,16169,18657,89.8
9/9/2026,YETU,510,,,510,0,,,,,,,6.2
9/9/2026,VODA,1080,1100,1070,1080,0,,35212,38144130,172,202709,54698,2419.2
9/9/2026,VERTEX-ETF,315,325,310,315,0,,70957,22335415,159,53031,16117,17
9/9/2026,USL,30,,,30,0,,,,,1390,,11
9/9/2026,TTP,470,470,450,450,-20,-4.26,1151,517970,15,14,6512,42.8
9/9/2026,TPCC,5800,5790,5700,5790,-10,-0.17,12361,71518810,38,2015,29994,1041.8
9/9/2026,TOL,2300,2300,1960,2070,-230,-10,20925,43384260,171,576,60233,119
9/9/2026,TCCL,3600,3650,3610,3630,30,0.83,128750,463554980,23,16588,353,693.4
9/9/2026,TCC,13000,13200,13000,13150,150,1.15,1917,25194000,20,4757,,1315
9/9/2026,TBL,9990,9990,9970,9990,0,,2112,21093900,33,1831,8458,2947.6
9/9/2026,SWIS,2780,2790,2680,2780,0,,712,1973890,29,1296,2821,100.1
9/9/2026,SWALA,450,,,450,0,,,,,,,47.8
9/9/2026,PAL,345,345,300,310,-35,-10.14,7752,2395880,69,2819,64373,49.8
9/9/2026,NMG,340,,,320,-20,-5.88,,,,,321,60.3
9/9/2026,NMB,2120,2200,2100,2130,10,0.47,1283405,2766956380,1452,156120,219045,10650
9/9/2026,NICO,3860,3880,3720,3780,-80,-2.07,11149,42177570,109,13436,11026,233
9/9/2026,MUCOBA,480,475,460,460,-20,-4.17,2207,1021520,17,20,6490,15
9/9/2026,MKCB,3730,3750,3700,3740,10,0.27,3729,13946660,21,2632,12184,88.1
9/9/2026,MCB,400,400,395,395,-5,-1.25,97210,38630290,107,58769,238799,97.7
9/9/2026,MBP,2210,2290,2010,2110,-100,-4.52,4024,8547010,38,12368,24155,63.3
9/9/2026,KCB,2130,2210,2080,2150,20,0.94,515491,1058218250,57,2560,72171,6386.2
9/9/2026,KA,115,,,115,0,,,,,2002,,653.4
9/9/2026,JHL,8650,,,8650,0,,,,,20,,626.9
9/9/2026,JATU,270,270,270,270,0,,100,27000,1,,690,5.4
9/9/2026,IEACLC-ETF,1460,1470,1440,1460,0,,378460,542008120,85,170903,82532,211.2
9/9/2026,EABL,5870,,,5810,-60,-1.02,,,,,,4594.4
9/9/2026,DSE,6400,6400,6380,6380,-20,-0.31,2753,17575420,24,698,3634,152
9/9/2026,DCB,460,460,450,450,-10,-2.17,97846,44207460,114,3748,65545,86.2
9/9/2026,CRDB,2800,2830,2700,2810,10,0.36,542566,1526942960,1031,348929,203699,7339.3
9/9/2026,AFRIPRISE,615,630,610,620,5,0.81,68231,42241490,221,27900,107856,90.5
9/10/2026,YETU,510,,,510,0,,,,,,,6.2
9/10/2026,VODA,1080,1120,1060,1110,30,2.78,132583,147451070,218,204651,,2486.4
9/10/2026,VERTEX-ETF,315,320,310,310,-5,-1.59,96780,30219380,153,6491,40726,16.7
9/10/2026,USL,30,,,30,0,,,,,1390,,11
9/10/2026,TTP,450,450,450,450,0,,220,99000,15,1023,15862,42.8
9/10/2026,TPCC,5790,5790,5780,5790,0,,2282,13209290,23,2342,26178,1041.8
9/10/2026,TOL,2070,2050,1760,1830,-240,-11.59,40276,73753950,155,6083,40661,105.2
9/10/2026,TCCL,3630,4000,3620,3940,310,8.54,1675,6543550,15,9343,8183,752.6
9/10/2026,TCC,13150,13250,13250,13250,100,0.76,1565,20736250,5,3820,,1325
9/10/2026,TBL,9990,9990,9970,9980,-10,-0.1,842,8401530,28,1366,8308,2944.7
9/10/2026,SWIS,2780,2790,2670,2790,10,0.36,420,1154540,19,1220,2408,100.4
9/10/2026,SWALA,450,,,450,0,,,,,,,47.8
9/10/2026,PAL,310,315,300,310,0,,9745,3002700,51,2764,70565,49.8
9/10/2026,NMG,320,,,325,5,1.56,,,,,21,61.3
9/10/2026,NMB,2130,2230,2110,2190,60,2.82,2702431,5784928890,1355,242026,63538,10950
9/10/2026,NICO,3780,3980,3780,3830,50,1.32,5223,20063000,66,13461,17956,236.1
9/10/2026,MUCOBA,460,460,455,460,0,,215,98825,7,31,6955,15
9/10/2026,MKCB,3740,3750,3730,3750,10,0.27,5481,20544350,26,2073,7717,88.3
9/10/2026,MCB,395,400,390,395,0,,60548,23956645,123,58373,227796,97.7
9/10/2026,MBP,2110,2110,2010,2070,-40,-1.9,6264,12981380,31,12787,14069,62.1
9/10/2026,KCB,2150,2150,2100,2100,-50,-2.33,67066,141112660,51,14507,52047,6237.7
9/10/2026,KA,115,,,115,0,,,,,2002,,653.4
9/10/2026,JHL,8650,,,8650,0,,,,,30,,626.9
9/10/2026,JATU,270,270,270,270,0,,36,9720,1,,654,5.4
9/10/2026,IEACLC-ETF,1460,1470,1440,1460,0,,284489,414314850,87,70331,24281,214.2
9/10/2026,EABL,5810,,,5830,20,0.34,,,,,,4610.2
9/10/2026,DSE,6380,6400,6380,6380,0,,829,5293420,21,227,3409,152
9/10/2026,DCB,450,460,420,445,-5,-1.11,67775,30249280,114,11808,21842,85.3
9/10/2026,CRDB,2810,2900,2810,2840,30,1.07,672948,1914005990,1012,242586,98793,7417.6
9/10/2026,AFRIPRISE,620,620,600,610,-10,-1.61,170906,104415960,265,36039,156179,89.1
9/11/2026,YETU,510,,,510,0,,,,,,,6.2
9/11/2026,VODA,1110,1120,1080,1110,0,,631323,700889850,207,44794,9911,2486.4
9/11/2026,VERTEX-ETF,310,315,310,310,0,,51481,16067830,147,24735,41714,16.7
9/11/2026,USL,30,,,30,0,,,,,131,,11
9/11/2026,TTP,450,450,450,450,0,,1046,470700,6,1023,14765,42.8
9/11/2026,TPCC,5790,5790,5750,5770,-20,-0.35,6259,36097410,49,371,33012,1038.2
9/11/2026,TOL,1830,1830,1750,1760,-70,-3.83,18907,33332480,102,28,7639,101.2
9/11/2026,TCCL,3940,4100,3930,3970,30,0.76,1255,4987600,19,10276,25473,758.3
9/11/2026,TCC,13250,13500,13250,13440,190,1.43,115430,1529710000,9,5132,,1344
9/11/2026,TBL,9980,10000,9980,10000,20,0.2,5278,52754650,31,3336,797,2950.6
9/11/2026,SWIS,2790,2790,2650,2720,-70,-2.51,601,1612050,16,1343,2317,97.9
9/11/2026,SWALA,450,,,450,0,,,,,,,47.8
9/11/2026,PAL,310,315,300,305,-5,-1.61,6642,2021020,51,837,66698,48.9
9/11/2026,NMG,325,,,325,0,,,,,10,21,61.3
9/11/2026,NMB,2190,2230,2170,2190,0,,5726307,12113609260,1487,227640,346237,10950
9/11/2026,NICO,3830,3900,3850,3870,40,1.04,17197,66635210,80,12618,12880,238.6
9/11/2026,MUCOBA,460,455,455,460,0,,40,18200,3,31,7491,15
9/11/2026,MKCB,3750,3750,3600,3730,-20,-0.53,3978,14833550,13,2967,17598,87.9
9/11/2026,MCB,395,400,375,390,-5,-1.27,82879,32417250,150,28658,205134,96.5
9/11/2026,MBP,2070,2100,2020,2030,-40,-1.93,4884,9938080,33,8955,14637,60.9
9/11/2026,KCB,2100,2150,2100,2120,20,0.95,33413,70863690,37,2800,273,6297.1
9/11/2026,KA,115,,,115,0,,,,,2002,,653.4
9/11/2026,JHL,8650,,,8650,0,,,,,75,,626.9
9/11/2026,JATU,270,270,270,270,0,,2,540,1,,652,5.4
9/11/2026,IEACLC-ETF,1460,1520,1440,1460,0,,78033,113599500,81,4711,49873,214.2
9/11/2026,EABL,5830,,,5920,90,1.54,,,,,,4681.4
9/11/2026,DSE,6380,6400,6380,6390,10,0.16,594,3793720,16,405,3528,152.2
9/11/2026,DCB,445,455,440,445,0,,21411,9483390,92,25214,46779,85.3
9/11/2026,CRDB,2840,2980,2840,2900,60,2.11,626636,1820183120,1030,328402,94781,7574.3
9/11/2026,AFRIPRISE,610,610,600,605,-5,-0.82,224732,135896150,315,25767,99076,88.4
9/14/2026,YETU,510,,,510,0,,,,,,,6.2
9/14/2026,VODA,1110,1150,1090,1110,0,,81530,90661330,270,44345,18789,2486.4
9/14/2026,VERTEX-ETF,310,320,310,320,10,3.23,77328,24556640,130,165869,2500,17.3
9/14/2026,USL,30,,,30,0,,,,,431,,11
9/14/2026,TTP,450,450,420,425,-25,-5.56,2522,1078775,17,1023,10570,40.4
9/14/2026,TPCC,5770,5760,5750,5750,-20,-0.35,13220,76015500,26,2678,2654,1034.6
9/14/2026,TOL,1760,1990,1760,1860,100,5.68,5346,9931820,52,1058,14276,107
9/14/2026,TCCL,3970,4050,3650,3800,-170,-4.28,16336,62046950,22,14259,42143,725.9
9/14/2026,TCC,13440,13500,13250,13500,60,0.45,2177,29358660,29,2618,3643,1350
9/14/2026,TBL,10000,10000,9970,9990,-10,-0.1,4665,46599320,51,1093,3925,2947.6
9/14/2026,SWIS,2720,2790,2650,2680,-40,-1.47,6289,16852660,36,,6213,96.5
9/14/2026,SWALA,450,,,450,0,,,,,,,47.8
9/14/2026,PAL,305,315,300,305,0,,44095,13524805,58,1700,18100,48.9
9/14/2026,NMG,325,,,325,0,,,,,10,21,61.3
9/14/2026,NMB,2190,2210,2100,2180,-10,-0.46,1536134,3364604200,2083,115242,417461,10900
9/14/2026,NICO,3870,3850,3700,3790,-80,-2.07,26479,100482560,121,394,17771,233.6
9/14/2026,MUCOBA,460,445,440,440,-20,-4.35,240,105775,7,1061,6923,14.4
9/14/2026,MKCB,3730,3730,3600,3680,-50,-1.34,10276,37844980,45,370,8770,86.7
9/14/2026,MCB,390,400,380,395,5,1.28,27593,10845330,147,41376,135582,97.7
9/14/2026,MBP,2030,2110,2100,2100,70,3.45,6454,13565910,35,6353,4846,63
9/14/2026,KCB,2120,2220,2150,2200,80,3.77,10565,23241480,41,17631,106,6534.8
9/14/2026,KA,115,,,115,0,,,,,2006,,653.4
9/14/2026,JHL,8650,,,8650,0,,,,,65,,626.9
9/14/2026,JATU,270,270,270,270,0,,100,27000,1,,552,5.4
9/14/2026,IEACLC-ETF,1460,1460,1440,1460,0,,210213,301512550,70,113908,30872,214.2
9/14/2026,EABL,5920,,,5810,-110,-1.86,,,,,,4594.4
9/14/2026,DSE,6390,6390,6380,6390,0,,2930,18707160,27,30,704,152.2
9/14/2026,DCB,445,490,430,450,5,1.12,146603,66045800,154,21759,59107,86.2
9/14/2026,CRDB,2900,3000,2950,2980,80,2.76,760252,2265085000,1563,318892,269938,7783.3
9/14/2026,AFRIPRISE,605,620,595,605,0,,130817,78927740,313,23312,99332,88.4
9/15/2026,YETU,510,,,510,0,,,,,,,6.2
9/15/2026,VODA,1110,1160,1070,1150,40,3.6,1768551,2048607130,227,39504,,2576
9/15/2026,VERTEX-ETF,320,330,315,325,5,1.56,85974,27744670,124,38057,8503,17.6
9/15/2026,USL,30,,,30,0,,,,,431,,11
9/15/2026,TTP,425,430,420,430,5,1.18,386,165335,16,,2614,40.9
9/15/2026,TPCC,5750,5770,5700,5750,0,,8052,46257410,47,180,9285,1034.6
9/15/2026,TOL,1860,2000,1760,1900,40,2.15,7452,14159300,68,1660,28926,109.3
9/15/2026,TCCL,3800,3980,3700,3900,100,2.63,510,1992840,9,11218,34721,745
9/15/2026,TCC,13500,13440,13250,13360,-140,-1.04,1263,16880290,29,,3573,1336
9/15/2026,TBL,9990,10000,9960,9970,-20,-0.2,1821,18162330,32,500,4057,2941.7
9/15/2026,SWIS,2680,2650,2650,2650,-30,-1.12,265,702250,9,10,5876,95.4
9/15/2026,SWALA,450,,,450,0,,,,,,,47.8
9/15/2026,PAL,305,315,305,305,0,,2706,833070,37,550,17935,48.9
9/15/2026,NMG,325,,,325,0,,,,,10,,61.3
9/15/2026,NMB,2180,2250,2170,2180,0,,5320799,12887652770,1347,73938,447196,10900
9/15/2026,NICO,3790,3980,3700,3770,-20,-0.53,11990,45156460,89,947,19969,232.4
9/15/2026,MUCOBA,440,440,440,440,0,,50,22000,3,4750,1033,14.4
9/15/2026,MKCB,3680,3650,3650,3650,-30,-0.82,6036,22031400,13,506,12842,86
9/15/2026,MCB,395,395,375,385,-10,-2.53,46560,17958640,101,23815,38409,95.2
9/15/2026,MBP,2100,2110,2050,2090,-10,-0.48,3580,7499610,37,11781,5146,62.7
9/15/2026,KCB,2200,2250,2200,2220,20,0.91,121073,260639960,20,14280,15553,6594.2
9/15/2026,KA,115,,,115,0,,,,,1016,,653.4
9/15/2026,JHL,8650,,,8650,0,,,,,55,,626.9
9/15/2026,JATU,270,270,270,270,0,,10,2700,1,,1542,5.4
9/15/2026,IEACLC-ETF,1460,1460,1440,1460,0,,197240,282686370,47,132768,47956,214.2
9/15/2026,EABL,5810,,,5830,20,0.34,,,,,,4610.2
9/15/2026,DSE,6390,6390,6380,6380,-10,-0.16,1550,9893300,19,,348,152
9/15/2026,DCB,450,440,430,435,-15,-3.33,58483,25553620,94,17601,59940,83.3
9/15/2026,CRDB,2980,3000,2900,2940,-40,-1.34,461183,1354298940,1068,109709,620318,7678.8
9/15/2026,AFRIPRISE,605,620,595,605,0,,132165,79876545,250,20542,21135,88.4
9/16/2026,YETU,510,,,510,0,,,,,,,6.2
9/16/2026,VODA,1150,1200,1100,1190,40,3.48,1886813,2259310470,168,5634,5247,2665.6
9/16/2026,VERTEX-ETF,325,340,325,335,10,3.08,121804,41027550,69,56997,,18.1
9/16/2026,USL,30,,,30,0,,,,,369,,11
9/16/2026,TTP,430,420,420,420,-10,-2.33,310,130200,6,320,1064,39.9
9/16/2026,TPCC,5750,5740,5700,5710,-40,-0.7,3384,19337860,37,2104,9046,1027.4
9/16/2026,TOL,1900,1820,1760,1820,-80,-4.21,4053,7353420,32,2283,21480,104.7
9/16/2026,TCCL,3900,3900,3700,3700,-200,-5.13,7619,28242700,12,11836,23911,706.8
9/16/2026,TCC,13360,13500,13360,13450,90,0.67,982,13213900,13,150,3989,1345
9/16/2026,TBL,9970,9970,9960,9970,0,,307875,3078723150,17,340,4272,2941.7
9/16/2026,SWIS,2650,2650,2270,2570,-80,-3.02,946,2438240,16,4307,4913,92.5
9/16/2026,SWALA,450,,,450,0,,,,,,,47.8
9/16/2026,PAL,305,330,310,315,10,3.28,1975,619695,32,7293,18062,50.6
9/16/2026,NMG,325,,,310,-15,-4.62,,,,10,43,58.5
9/16/2026,NMB,2180,2180,2110,2150,-30,-1.38,1560725,3457830210,1368,14196,450110,10750
9/16/2026,NICO,3770,3750,3700,3730,-40,-1.06,11217,41861050,75,1724,23982,229.9
9/16/2026,MUCOBA,440,440,400,410,-30,-6.82,2100,862600,9,6502,647,13.4
9/16/2026,MKCB,3650,3650,3620,3650,0,,5408,19736680,25,3478,16786,86
9/16/2026,MCB,385,400,390,395,10,2.6,29526,11721915,106,20032,8897,97.7
9/16/2026,MBP,2090,2110,2050,2070,-20,-0.96,9698,20033400,19,13833,7870,62.1
9/16/2026,KCB,2220,2220,2150,2180,-40,-1.8,34500,75146680,73,4193,34347,6475.3
9/16/2026,KA,115,,,115,0,,,,,16,,653.4
9/16/2026,JHL,8650,,,8650,0,,,,,10,,626.9
9/16/2026,JATU,270,250,250,270,0,,4,1000,1,,996,5.4
9/16/2026,IEACLC-ETF,1460,1470,1440,1460,0,,232499,332920730,64,183064,55647,214.2
9/16/2026,EABL,5830,,,5820,-10,-0.17,,,,,,4602.3
9/16/2026,DSE,6380,6390,6350,6350,-30,-0.47,252,1601950,9,,3599,151.3
9/16/2026,DCB,435,460,435,445,10,2.3,21964,9810095,124,21668,45633,85.3
9/16/2026,CRDB,2940,2990,2870,2920,-20,-0.68,306119,892753770,982,30868,588938,7626.6
9/16/2026,AFRIPRISE,605,695,595,600,-5,-0.83,394056,237313280,116,76194,1445,87.6
9/17/2026,YETU,510,,,510,0,,,,,,,6.2
9/17/2026,VODA,1190,1240,1160,1200,10,0.84,46007,55361120,171,21917,300,2688
9/17/2026,VERTEX-ETF,335,350,320,345,10,2.99,59962,20777985,110,9978,1403,18.6
9/17/2026,USL,30,,,30,0,,,,,369,,11
9/17/2026,TTP,420,430,420,420,0,,244,102710,6,446,937,39.9
9/17/2026,TPCC,5710,5740,5710,5710,0,,1243,7104650,14,2840,14137,1027.4
9/17/2026,TOL,1820,1820,1750,1810,-10,-0.55,13290,24017690,58,2925,11138,104.1
9/17/2026,TCCL,3700,3950,3700,3900,200,5.41,865,3372250,15,15833,17031,745
9/17/2026,TCC,13450,13400,13350,13390,-60,-0.45,6477,86684440,33,184,6496,1339
9/17/2026,TBL,9970,10000,9960,10000,30,0.3,5860,58584350,25,300,4007,2950.6
9/17/2026,SWIS,2570,2650,2530,2640,70,2.72,1700,4480150,22,4517,5082,95
9/17/2026,SWALA,450,,,450,0,,,,,,,47.8
9/17/2026,PAL,315,340,300,325,10,3.17,11036,3576800,71,3050,54137,52.2
9/17/2026,NMG,310,,,300,-10,-3.23,,,,10,43,56.6
9/17/2026,NMB,2150,2200,2050,2090,-60,-2.79,6547382,13933152010,1542,18969,417264,10450
9/17/2026,NICO,3730,3720,3600,3660,-70,-1.88,19357,70869420,125,1145,17097,225.6
9/17/2026,MUCOBA,410,410,405,405,-5,-1.22,4012,1624960,10,5459,647,13.2
9/17/2026,MKCB,3650,3650,3600,3610,-40,-1.1,6983,25227120,29,4041,15845,85
9/17/2026,MCB,395,420,380,390,-5,-1.27,91115,35599465,167,11775,73097,96.5
9/17/2026,MBP,2070,2060,2050,2060,-10,-0.48,4881,10033770,19,10928,12562,61.8
9/17/2026,KCB,2180,2220,2140,2180,0,,7466,16280580,18,152,32468,6475.3
9/17/2026,KA,115,,,115,0,,,,,16,,653.4
9/17/2026,JHL,8650,,,8650,0,,,,,120,,626.9
9/17/2026,JATU,270,,,270,0,,,,,,996,5.4
9/17/2026,IEACLC-ETF,1460,1460,1440,1460,0,,63971,93075630,54,52639,33355,214.2
9/17/2026,EABL,5820,,,6030,210,3.61,,,,,,4768.4
9/17/2026,DSE,6350,6350,6200,6350,0,,308,1948300,12,1526,3377,151.3
9/17/2026,DCB,445,480,445,450,5,1.12,77026,34847260,110,16197,57310,86.2
9/17/2026,CRDB,2920,3000,2780,2840,-80,-2.74,337899,959304770,1178,90247,635777,7417.6
9/17/2026,AFRIPRISE,600,690,670,680,80,13.33,86179,58778765,246,185689,2285,99.3
9/18/2026,YETU,510,,,510,0,,,,,,,6.2
9/18/2026,VODA,1200,1260,1200,1220,20,1.67,182415,222539270,169,22282,2044,2732.8
9/18/2026,VERTEX-ETF,345,355,330,350,5,1.45,38327,13403180,110,8191,10504,18.9
9/18/2026,USL,30,,,30,0,,,,,324,,11
9/18/2026,TTP,420,430,420,420,0,,34,14420,2,615,233,39.9
9/18/2026,TPCC,5710,5720,5700,5710,0,,3480,19867670,43,2161,10142,1027.4
9/18/2026,TOL,1810,1820,1770,1790,-20,-1.1,4715,8459380,46,1502,5311,102.9
9/18/2026,TCCL,3900,3980,3900,3900,0,,64,253600,5,15923,3401,745
9/18/2026,TCC,13390,13400,13400,13400,10,0.07,1663,22284200,12,195,2447,1340
9/18/2026,TBL,10000,9960,9880,9950,-50,-0.5,1961,19518040,20,141,3057,2935.8
9/18/2026,SWIS,2640,2650,2600,2640,0,,2356,6208450,25,4021,589,95
9/18/2026,SWALA,450,,,450,0,,,,,,,47.8
9/18/2026,PAL,325,325,300,300,-25,-7.69,6520,1964750,36,17558,52877,48.1
9/18/2026,NMG,300,,,300,0,,,,,21,43,56.6
9/18/2026,NMB,2090,2150,2030,2070,-20,-0.96,660141,1364478520,1351,96400,123017,10350
9/18/2026,NICO,3660,3700,3600,3670,10,0.27,13446,49247070,94,6936,7396,226.2
9/18/2026,MUCOBA,405,440,410,405,0,,116,50740,5,5469,570,13.2
9/18/2026,MKCB,3610,3650,3550,3600,-10,-0.28,7800,28074050,30,4664,4766,84.8
9/18/2026,MCB,390,395,375,390,0,,30707,11958600,100,29087,86906,96.5
9/18/2026,MBP,2060,2100,2050,2060,0,,2837,5860440,17,12262,6436,61.8
9/18/2026,KCB,2180,2200,2140,2190,10,0.46,17592,38579190,29,2750,27097,6505
9/18/2026,KA,115,,,115,0,,,,,16,,653.4
9/18/2026,JHL,8650,,,8650,0,,,,,240,,626.9
9/18/2026,JATU,270,250,250,270,0,,61,15250,2,,935,5.4
9/18/2026,IEACLC-ETF,1460,1460,1440,1440,-20,-1.37,117911,169840450,40,142016,75323,216.3
9/18/2026,EABL,6030,,,5850,-180,-2.99,,,,,,4626
9/18/2026,DSE,6350,6350,6200,6240,-110,-1.73,2019,12600450,21,600,2280,148.7
9/18/2026,DCB,450,455,435,445,-5,-1.11,44233,19638085,136,14783,280869,85.3
9/18/2026,CRDB,2840,2890,2800,2810,-30,-1.06,846459,2380191230,946,103095,142621,7339.3
9/18/2026,AFRIPRISE,680,780,690,740,60,8.82,119813,88956385,218,52873,24143,108.1
9/21/2026,VODA,1220,1280,1240,1260,750,3.28,1066989,1284338310,239,100177,,2822.4
9/21/2026,VERTEX-ETF,350,355,345,350,-870,,49650,17314675,148,5740,78131,18.9
9/21/2026,USL,30,,,30,-320,,,,,102,,11
9/21/2026,TTP,420,430,420,430,400,2.38,339,145370,12,370,459,40.9
9/21/2026,TPCC,5710,5720,5650,5700,5280,-0.18,7007,39921680,56,1526,5379,1025.6
9/21/2026,TOL,1790,1800,1600,1770,-3940,-1.12,505307,639397790,69,182,3665,101.8
9/21/2026,TCCL,3900,3980,3700,3910,2120,0.26,410838,1482394130,43,4289,23367,746.9
9/21/2026,TCC,13400,13400,13360,13400,9500,,2499,33482930,21,192,525,1340
9/21/2026,TBL,9950,9960,9800,9880,-3520,-0.7,3361,33200680,24,1748,1161,2915.2
9/21/2026,SWIS,2640,2650,2570,2600,-7350,-1.52,5240,13644090,32,3205,8559,93.6
9/21/2026,SWALA,450,,,450,-2190,,,,,,,47.8
9/21/2026,PAL,300,325,300,310,-140,3.33,20690,6378230,52,1450,29510,49.8
9/21/2026,NMG,300,,,305,5,1.67,,,,21,43,57.5
9/21/2026,NMB,2070,2150,2070,2130,1830,2.9,843542,1772719520,1330,92349,50195,10650
9/21/2026,NICO,3670,3720,3670,3700,1630,0.82,9579,35426960,101,14355,8268,228.1
9/21/2026,MUCOBA,405,440,410,415,-3255,2.47,2506,1048090,24,1415,126,13.6
9/21/2026,MKCB,3600,3730,3550,3660,3255,1.67,1746,6384930,24,3932,756,86.2
9/21/2026,MCB,390,400,370,375,-3225,-3.85,137000,51252585,180,11240,136609,92.7
9/21/2026,MBP,2060,2110,2050,2080,1690,0.97,8561,17778650,38,8908,6540,62.4
9/21/2026,KCB,2190,2200,2160,2190,130,,1827795,3840902520,39,2094,59600,6505
9/21/2026,KA,115,,,115,-2075,,,,,1583,,653.4
9/21/2026,JHL,8650,8700,8700,8700,8585,0.58,60097,522843900,3,240,,630.5
9/21/2026,JATU,270,,,270,-8380,,,,,,935,5.4
9/21/2026,IEACLC-ETF,1440,1450,1440,1450,1180,0.69,1945284,2785682630,108,123933,66303,217.8
9/21/2026,EABL,5850,,,5730,4290,-2.05,,,,,,4531.1
9/21/2026,DSE,6240,6200,6020,6070,220,-2.72,1456,8897140,24,1580,4656,144.6
9/21/2026,DCB,445,450,440,445,-5795,,18793,8329210,113,6612,69365,85.3
9/21/2026,CRDB,2810,2840,2670,2810,2365,,668525,1877118960,1561,146315,52401,7339.3
9/21/2026,AFRIPRISE,740,770,690,740,-2070,,113786,84326730,363,33436,35599,108.1
9/22/2026,YETU,510,,,510,-230,,,,,,,6.2
9/22/2026,VODA,1260,1320,1250,1320,60,4.76,218579,288015600,238,23119,24814,2956.8
9/22/2026,VERTEX-ETF,350,360,340,350,0,,20051,7051685,95,1264,25747,18.9
9/22/2026,USL,30,,,30,0,,,,,92,,11
9/22/2026,TTP,430,430,430,430,0,,486,208980,9,1324,2489,40.9
9/22/2026,TPCC,5700,5720,5650,5670,-30,-0.53,6784,38456590,61,1404,7177,1020.2
9/22/2026,TOL,1770,1850,1760,1770,0,,6920,12261490,52,1191,3698,101.8
9/22/2026,TCCL,3910,3950,3700,3710,-200,-5.12,2248,8352950,20,15931,21312,708.7
9/22/2026,TCC,13400,13400,13190,13390,-10,-0.07,4028,53919460,29,10,500,1339
9/22/2026,TBL,9880,9960,9900,9940,60,0.61,704,6996240,12,1376,336,2932.9
9/22/2026,SWIS,2600,2600,2560,2600,0,,589,1530110,15,3564,8739,93.6
9/22/2026,SWALA,450,,,450,0,,,,,,,47.8
9/22/2026,PAL,310,310,305,305,-5,-1.61,1704,519925,22,1715,532,48.9
9/22/2026,NMG,305,,,300,-5,-1.64,,,,21,43,56.6
9/22/2026,NMB,2130,2230,2110,2140,10,0.47,355162,760757020,947,106671,78582,10700
9/22/2026,NICO,3700,3720,3600,3650,-50,-1.35,19651,71734480,117,8824,23296,225
9/22/2026,MUCOBA,415,435,410,415,0,,159,66915,5,3705,143,13.6
9/22/2026,MKCB,3660,3690,3660,3660,0,,4948,18113980,12,1349,5060,86.2
9/22/2026,MCB,375,395,370,380,5,1.33,32214,12206645,116,23936,115960,94
9/22/2026,MBP,2080,2110,2060,2070,-10,-0.48,6096,12632580,21,7027,5448,62.1
9/22/2026,KCB,2190,2210,2160,2200,10,0.46,48189,106014090,36,6143,17643,6534.8
9/22/2026,KA,115,,,115,0,,,,,1571,,653.4
9/22/2026,JHL,8700,,,8700,0,,,,,140,,630.5
9/22/2026,JATU,270,250,250,270,0,,1,250,1,,,5.4
9/22/2026,IEACLC-ETF,1450,1470,1440,1450,0,,3041000,4349599340,56,86645,50031,217.8
9/22/2026,EABL,5730,,,5770,40,0.7,,,,,,4562.8
9/22/2026,DSE,6070,6200,6020,6100,30,0.49,2081,12675450,19,1611,3426,145.3
9/22/2026,DCB,445,450,440,445,0,,24021,10736670,91,2317,144767,85.3
9/22/2026,CRDB,2810,2930,2800,2810,0,,1273724,3579472770,993,192156,49819,7339.3
9/22/2026,AFRIPRISE,740,850,740,780,40,5.41,94064,73228795,196,29214,38158,113.9
9/23/2026,YETU,510,,,510,0,,,,,,,6.2
9/23/2026,VODA,1320,1320,1280,1310,-10,-0.76,70486,91990180,304,16170,7602,2934.4
9/23/2026,VERTEX-ETF,350,360,340,340,-10,-2.86,53868,18343915,89,1738,54677,18.4
9/23/2026,USL,30,,,30,0,,,,,708,,11
9/23/2026,TTP,430,430,420,420,-10,-2.33,955,401550,11,404,3955,39.9
9/23/2026,TPCC,5670,5700,5630,5650,-20,-0.35,3033,17130700,46,80,4099,1016.6
9/23/2026,TOL,1770,1850,1760,1790,20,1.13,1720,3087970,49,3856,2110,102.9
9/23/2026,TCCL,3710,3950,3700,3780,70,1.89,1699,6447200,13,25216,20911,722
9/23/2026,TCC,13390,13400,13130,13170,-220,-1.64,3302,43553380,14,7450,1263,1317
9/23/2026,TBL,9940,9960,9810,9840,-100,-1.01,884,8725790,21,1265,4308,2903.4
9/23/2026,SWIS,2600,2640,2550,2560,-40,-1.54,1174,3013030,15,444,8371,92.2
9/23/2026,SWALA,450,,,450,0,,,,,,,47.8
9/23/2026,PAL,305,325,310,315,10,3.28,2120,670265,26,4217,29006,50.6
9/23/2026,NMG,300,,,300,0,,,,,,,56.6
9/23/2026,NMB,2140,2180,2100,2120,-20,-0.93,1170958,2474295960,1118,28127,63762,10600
9/23/2026,NICO,3650,3700,3570,3620,-30,-0.82,24952,90290400,110,26687,4564,223.2
9/23/2026,MUCOBA,415,450,410,430,15,3.61,2294,984030,25,2178,3459,14.1
9/23/2026,MKCB,3660,3690,3610,3660,0,,3467,12682820,23,6022,10820,86.2
9/23/2026,MCB,380,385,370,375,-5,-1.32,57620,21714275,124,103775,173343,92.7
9/23/2026,MBP,2070,2200,2070,2130,60,2.9,2692,5755870,20,10397,13036,63.9
9/23/2026,KCB,2200,2200,2160,2190,-10,-0.45,5771,12666460,20,1928,40209,6505
9/23/2026,KA,115,,,115,0,,,,,1599,,653.4
9/23/2026,JHL,8700,,,8700,0,,,,,60,,630.5
9/23/2026,JATU,270,,,270,0,,,,,,3000,5.4
9/23/2026,IEACLC-ETF,1450,1460,1450,1450,0,,9362,13607430,67,100884,94992,217.8
9/23/2026,EABL,5770,,,5750,-20,-0.35,,,,50,,4547
9/23/2026,DSE,6100,6200,6020,6100,0,,4077,24865700,30,706,3139,145.3
9/23/2026,DCB,445,445,430,440,-5,-1.12,9417,4148245,79,9594,213913,84.3
9/23/2026,CRDB,2810,2850,2800,2820,10,0.36,431852,1217553930,981,445689,102725,7365.4
9/23/2026,AFRIPRISE,780,820,775,790,10,1.28,120196,95021930,272,17571,87794,115.4
9/24/2026,YETU,510,,,510,0,,,,,,,6.2
9/24/2026,VODA,1310,1320,1280,1290,-20,-1.53,42196,54554060,253,108420,114241,2889.6
9/24/2026,VERTEX-ETF,340,330,325,330,-10,-2.94,29542,9743260,114,1651,51560,17.8
9/24/2026,USL,30,,,30,0,,,,,708,,11
9/24/2026,TTP,420,430,420,425,5,1.19,401,170150,7,296,12068,40.4
9/24/2026,TPCC,5650,5700,5550,5600,-50,-0.88,6205,34779020,53,4949,,1007.6
9/24/2026,TOL,1790,1850,1770,1790,0,,9710,17393540,63,1970,1924,102.9
9/24/2026,TCCL,3780,3950,3790,3920,140,3.7,4166,16328400,16,29031,25607,748.8
9/24/2026,TCC,13170,13390,13390,13170,0,,63,843570,4,7586,1145,1317
9/24/2026,TBL,9840,9880,9800,9800,-40,-0.41,1583,15538130,33,1234,5110,2891.6
9/24/2026,SWIS,2560,2600,2500,2530,-30,-1.17,3411,8633940,41,458,9939,91.1
9/24/2026,SWALA,450,,,450,0,,,,,,,47.8
9/24/2026,PAL,315,315,300,305,-10,-3.17,15308,4666070,57,2222,26354,48.9
9/24/2026,NMG,300,,,300,0,,,,,21,,56.6
9/24/2026,NMB,2120,2150,2110,2130,10,0.47,507230,1076767410,1260,59920,219562,10650
9/24/2026,NICO,3620,3800,3700,3740,120,3.31,8960,33458080,84,25010,1123,230.6
9/24/2026,MUCOBA,430,450,405,405,-25,-5.81,5712,2326860,15,89,3530,13.2
9/24/2026,MKCB,3660,3660,3600,3610,-50,-1.37,6477,23367550,38,2910,7106,85
9/24/2026,MCB,375,385,370,380,5,1.33,52320,19909485,144,91946,147231,94
9/24/2026,MBP,2130,2190,2080,2090,-40,-1.88,6316,13201060,29,9237,13127,62.7
9/24/2026,KCB,2190,2200,2160,2200,10,0.46,18409,40493440,27,2169,41069,6534.8
9/24/2026,KA,115,,,115,0,,,,,2457,,653.4
9/24/2026,JHL,8700,,,8700,0,,,,,115,,630.5
9/24/2026,JATU,270,,,270,0,,,,,,3004,5.4
9/24/2026,IEACLC-ETF,1450,1480,1450,1460,10,0.69,46559,67980790,64,65477,50910,221.3
9/24/2026,EABL,5750,,,5750,0,,,,,50,,4547
9/24/2026,DSE,6100,6200,6100,6170,70,1.15,1758,10835080,23,772,1577,147
9/24/2026,DCB,440,460,420,440,0,,28982,12781730,89,4947,326256,84.3
9/24/2026,CRDB,2820,2920,2830,2870,50,1.77,450310,1290687950,1033,522945,27209,7496
9/24/2026,AFRIPRISE,790,800,760,775,-15,-1.9,63851,49406670,206,28560,79834,113.2
9/25/2026,YETU,510,,,510,0,,,,,,,6.2
9/25/2026,VODA,1290,1300,1250,1280,-10,-0.78,189462,241987740,223,46608,146116,2867.2
9/25/2026,VERTEX-ETF,330,330,325,330,0,,55530,18255800,123,2487,13013,17.8
9/25/2026,USL,30,,,30,0,,,,,708,,11
9/25/2026,TTP,425,430,425,425,0,,125,53650,9,646,11976,40.4
9/25/2026,TPCC,5600,5700,5700,5700,100,1.79,1253,7142100,19,4330,,1025.6
9/25/2026,TOL,1790,1840,1790,1810,20,1.12,2764,4998840,33,2877,2682,104.1
9/25/2026,TCCL,3920,3950,3710,3810,-110,-2.81,5670,21566240,23,31948,19716,727.8
9/25/2026,TCC,13170,13390,13170,13200,30,0.23,888,11777310,28,7463,1933,1320
9/25/2026,TBL,9800,9880,9780,9800,0,,1795,17586000,55,1247,6445,2891.6
9/25/2026,SWIS,2530,2640,2500,2560,30,1.19,5836,14951060,45,451,666,92.2
9/25/2026,SWALA,450,,,450,0,,,,,,,47.8
9/25/2026,PAL,305,315,300,305,0,,8398,2554175,33,873,29392,48.9
9/25/2026,NMG,300,,,290,-10,-3.33,,,,41,15,54.7
9/25/2026,NMB,2130,2200,2110,2130,0,,859775,1902613960,1391,68131,170795,10650
9/25/2026,NICO,3740,3850,3570,3610,-130,-3.48,31545,113918460,151,18317,2894,222.5
9/25/2026,MUCOBA,405,450,430,450,45,11.11,356,157830,13,4660,3224,14.7
9/25/2026,MKCB,3610,3660,3600,3660,50,1.39,3670,13427400,15,3175,3934,86.2
9/25/2026,MCB,380,385,370,375,-5,-1.32,59796,22552210,154,94128,79853,92.7
9/25/2026,MBP,2090,2190,2080,2150,60,2.87,5467,11730660,25,11871,13812,64.5
9/25/2026,KCB,2200,2210,2190,2200,0,,2386,5238990,25,14794,44013,6534.8
9/25/2026,KA,115,,,115,0,,,,,2457,,653.4
9/25/2026,JHL,8700,,,8700,0,,,,,115,,630.5
9/25/2026,JATU,270,,,270,0,,,,,,3014,5.4
9/25/2026,IEACLC-ETF,1460,1480,1460,1470,10,0.68,25662,37715440,58,71763,52515,222.9
9/25/2026,EABL,5750,,,5820,70,1.22,,,,50,,4602.3
9/25/2026,DSE,6170,6200,6170,6200,30,0.49,1259,7802200,11,796,525,147.7
9/25/2026,DCB,440,445,410,420,-20,-4.55,106635,44991550,140,19600,265768,80.5
9/25/2026,CRDB,2870,2960,2870,2940,70,2.44,431081,1266096490,1106,452228,481623,7678.8
9/25/2026,AFRIPRISE,775,800,775,780,5,0.65,90355,70636660,220,4818,77924,113.9
9/28/2026,YETU,510,,,510,0,,,,,,,6.2
9/28/2026,VODA,1280,1300,1250,1260,-20,-1.56,127727,161342330,309,80039,116269,2822.4
9/28/2026,VERTEX-ETF,330,340,315,325,-5,-1.52,67974,21947370,186,105832,68526,17.6
9/28/2026,USL,30,,,30,0,,,,,650,,11
9/28/2026,TTP,425,430,425,430,5,1.18,1104,472580,19,20,8361,40.9
9/28/2026,TPCC,5700,5700,5600,5660,-40,-0.7,4173,23643540,58,892,1208,1018.4
9/28/2026,TOL,1810,1810,1790,1800,-10,-0.55,1721,3092390,49,4565,3374,103.5
9/28/2026,TCCL,3810,3790,3700,3770,-40,-1.05,2460,9287400,15,26705,8197,720.1
9/28/2026,TCC,13200,13390,13130,13190,-10,-0.08,1248,16460360,16,7469,1688,1319
9/28/2026,TBL,9800,9790,9760,9780,-20,-0.2,2423,23709640,38,1108,6043,2885.7
9/28/2026,SWIS,2560,2690,2500,2500,-60,-2.34,6424,16130670,55,1184,2438,90
9/28/2026,SWALA,450,,,450,0,,,,,,,47.8
9/28/2026,PAL,305,315,300,315,10,3.28,3388,1061990,47,4888,25799,50.6
9/28/2026,NMG,290,,,295,5,1.72,,,,41,,55.6
9/28/2026,NMB,2130,2200,2070,2100,-30,-1.41,774563,1627170450,2116,40828,218178,10500
9/28/2026,NICO,3610,3850,3740,3760,150,4.16,8624,32447020,67,14164,21574,231.8
9/28/2026,MUCOBA,450,455,450,455,5,1.11,8582,3888700,38,338,10,14.9
9/28/2026,MKCB,3660,3760,3660,3670,10,0.27,4216,15481120,20,2280,5134,86.5
9/28/2026,MCB,375,395,380,385,10,2.67,24898,9619705,143,98569,21866,95.2
9/28/2026,MBP,2150,2190,2090,2140,-10,-0.47,7858,16803100,40,7206,3610,64.2
9/28/2026,KCB,2200,2200,2190,2190,-10,-0.45,14228,31174080,27,1554,60909,6505
9/28/2026,KA,115,,,115,0,,,,,900,,653.4
9/28/2026,JHL,8700,,,8700,0,,,,,55,,630.5
9/28/2026,JATU,270,270,270,270,0,,100,27000,1,,5514,5.4
9/28/2026,IEACLC-ETF,1470,1480,1460,1470,0,,188048,276456430,99,70313,46165,222.9
9/28/2026,EABL,5820,,,5890,70,1.2,,,,50,,4657.7
9/28/2026,DSE,6200,6200,6110,6200,0,,965,5981200,27,1562,36,147.7
9/28/2026,DCB,420,460,410,430,10,2.38,91556,39285970,189,10770,113435,82.4
9/28/2026,CRDB,2940,2990,2900,2930,-10,-0.34,872468,2555130030,1595,277569,392685,7652.7
9/28/2026,AFRIPRISE,780,785,740,780,0,,42348,32948655,251,5221,243367,113.9
9/29/2026,YETU,510,,,510,0,,,,,,,6.2
9/29/2026,VODA,1260,1270,1250,1250,-10,-0.79,88454,110798520,173,62967,76889,2800
9/29/2026,VERTEX-ETF,325,335,320,325,0,,98108,31963425,162,11179,1089,17.6
9/29/2026,USL,30,,,30,0,,,,,720,,11
9/29/2026,TTP,430,430,430,430,0,,377,162110,21,50,1805,40.9
9/29/2026,TPCC,5660,5700,5670,5690,30,0.53,1831,10424310,30,6991,,1023.8
9/29/2026,TOL,1800,1790,1770,1780,-20,-1.11,7865,14018940,57,563,766,102.4
9/29/2026,TCCL,3770,3950,3700,3760,-10,-0.27,940,3545900,14,35689,6164,718.2
9/29/2026,TCC,13190,13390,13200,13310,120,0.91,354,4709470,7,7445,6679,1331
9/29/2026,TBL,9780,9790,9750,9780,0,,1195,11684010,32,799,6181,2885.7
9/29/2026,SWIS,2500,2500,2480,2500,0,,14967,37384430,64,5865,8836,90
9/29/2026,SWALA,450,,,450,0,,,,,,,47.8
9/29/2026,PAL,315,310,300,305,-10,-3.17,4660,1426060,43,1950,5996,48.9
9/29/2026,NMG,295,,,305,10,3.39,,,,47,,57.5
9/29/2026,NMB,2100,2200,2080,2090,-10,-0.48,1305909,2740515620,1304,75853,298826,10450
9/29/2026,NICO,3760,3800,3670,3720,-40,-1.06,4088,15206210,68,19757,5075,229.3
9/29/2026,MUCOBA,455,470,450,450,-5,-1.1,553,249540,13,125,578,14.7
9/29/2026,MKCB,3670,3670,3660,3670,0,,4729,17333670,30,3546,6269,86.5
9/29/2026,MCB,385,400,380,395,10,2.6,38690,15298970,92,102596,141012,97.7
9/29/2026,MBP,2140,2180,2080,2090,-50,-2.34,10699,22428080,38,6482,16180,62.7
9/29/2026,KCB,2190,2200,2180,2190,0,,48806,107065450,50,562,66530,6505
9/29/2026,KA,115,,,115,0,,,,,900,,653.4
9/29/2026,JHL,8700,,,8700,0,,,,,90,,630.5
9/29/2026,JATU,270,270,270,270,0,,732,197640,9,,4782,5.4
9/29/2026,IEACLC-ETF,1470,1480,1470,1470,0,,39745,58607830,66,103719,46598,222.9
9/29/2026,EABL,5890,,,5880,-10,-0.17,,,,,,4649.8
9/29/2026,DSE,6200,6500,6200,6200,0,,383,2402360,15,2129,178,147.7
9/29/2026,DCB,430,440,410,415,-15,-3.49,78176,32354645,155,58486,97702,79.5
9/29/2026,CRDB,2930,2970,2900,2930,0,,956101,2801009150,1116,321082,367363,7652.7
9/29/2026,AFRIPRISE,780,785,720,770,-10,-1.28,85966,66197785,200,5418,183556,112.5
9/30/2026,YETU,510,,,510,0,,,,,,,6.2
9/30/2026,VODA,1250,1300,1250,1290,40,3.2,76891,98957440,203,62856,17416,2889.6
9/30/2026,VERTEX-ETF,325,335,320,325,0,,23838,7784710,131,9087,23429,17.6
9/30/2026,USL,30,,,30,0,,,,,90,,11
9/30/2026,TTP,430,430,430,430,0,,108,46440,6,350,15189,40.9
9/30/2026,TPCC,5690,5800,5670,5710,20,0.35,1130,6459690,28,6768,1232,1027.4
9/30/2026,TOL,1780,1790,1770,1780,0,,3535,6293260,20,240,1919,102.4
9/30/2026,TCCL,3760,3940,3710,3940,180,4.79,101833,367219830,17,20635,6453,752.6
9/30/2026,TCC,13310,13350,13200,13350,40,0.3,142273,1849736900,16,743,1565,1335
9/30/2026,TBL,9780,9790,9760,9770,-10,-0.1,1132,11066260,22,692,1270,2882.7
9/30/2026,SWIS,2500,2500,2480,2500,0,,2564,6407220,23,16393,6656,90
9/30/2026,SWALA,450,,,450,0,,,,,,,47.8
9/30/2026,PAL,305,310,300,305,0,,7132,2170240,44,3572,2453,48.9
9/30/2026,NMG,305,,,315,10,3.28,,,,48,,59.4
9/30/2026,NMB,2090,2100,2030,2070,-20,-0.96,545287,1129967440,1541,25835,326475,10350
9/30/2026,NICO,3720,3700,3650,3680,-40,-1.08,3031,11170340,48,8269,6235,226.9
9/30/2026,MUCOBA,450,450,450,450,0,,140,63000,4,233,572,14.7
9/30/2026,MKCB,3670,3760,3670,3680,10,0.27,3245,11947350,15,4606,4505,86.7
9/30/2026,MCB,395,400,375,380,-15,-3.8,30653,11651210,107,99028,166689,94
9/30/2026,MBP,2090,2090,2070,2090,0,,5640,11766630,30,3253,23529,62.7
9/30/2026,KCB,2190,2200,2180,2190,0,,16500,36083640,30,540,43403,6505
9/30/2026,KA,115,,,115,0,,,,,872,,653.4
9/30/2026,JHL,8700,,,8700,0,,,,,125,,630.5
9/30/2026,JATU,270,270,270,270,0,,1,270,1,,2610,5.4
9/30/2026,IEACLC-ETF,1470,1470,1460,1460,-10,-0.68,55741,81502460,48,76880,54086,221.3
9/30/2026,EABL,5880,,,5820,-60,-1.02,,,,,,4602.3
9/30/2026,DSE,6200,6700,6500,6500,300,4.84,930,6078260,22,1766,814,154.9
9/30/2026,DCB,415,430,400,405,-10,-2.41,108884,44300970,120,9623,77129,77.6
9/30/2026,CRDB,2930,2980,2940,2950,20,0.68,2597288,6039332130,932,346128,372237,7704.9
9/30/2026,AFRIPRISE,770,780,710,760,-10,-1.3,17932,13635900,138,5769,197704,111
10/1/2026,YETU,510,,,510,0,,,,,,,6.2
10/1/2026,VODA,1290,1300,1240,1260,-30,-2.33,56178,70623100,224,79761,23013,2822.4
10/1/2026,VERTEX-ETF,325,330,320,325,0,,77126,25160840,122,84453,35539,17.6
10/1/2026,USL,30,,,30,0,,,,,192,,11
10/1/2026,TTP,430,430,430,430,0,,213,91590,8,350,15136,40.9
10/1/2026,TPCC,5710,5700,5670,5680,-30,-0.53,3212,18237870,33,4370,23866,1022
10/1/2026,TOL,1780,1790,1700,1760,-20,-1.12,181139,254503380,44,1166,3826,101.2
10/1/2026,TCCL,3940,3940,3710,3940,0,,453,1759860,11,20230,878,752.6
10/1/2026,TCC,13350,13390,13350,13350,0,,404,5400800,17,10698,1001,1335
10/1/2026,TBL,9770,9790,9780,9790,20,0.2,796,7790750,23,758,1047,2888.6
10/1/2026,SWIS,2500,2500,2490,2500,0,,6028,15069000,18,15878,7266,90
10/1/2026,SWALA,450,,,450,0,,,,,,,47.8
10/1/2026,PAL,305,310,290,295,-10,-3.28,12544,3695175,54,3360,2239,47.3
10/1/2026,NMG,315,,,310,-5,-1.59,,,,27,,58.5
10/1/2026,NMB,2070,2060,2020,2040,-30,-1.45,553168,1131173570,1347,27169,291930,10200
10/1/2026,NICO,3680,3700,3600,3610,-70,-1.9,12187,44131340,69,5861,2368,222.5
10/1/2026,MUCOBA,450,450,410,410,-40,-8.89,231,98470,9,121,604,13.4
10/1/2026,MKCB,3680,3760,3760,3760,80,2.17,2378,8941280,10,4709,2926,88.6
10/1/2026,MCB,380,380,370,375,-5,-1.32,90508,33780490,103,5159,205118,92.7
10/1/2026,MBP,2090,2070,2000,2040,-50,-2.39,7153,14617350,30,85,38510,61.2
10/1/2026,KCB,2190,2200,2180,2200,10,0.46,18642,40936220,22,1629,51789,6534.8
10/1/2026,KA,115,,,115,0,,,,,119,,653.4
10/1/2026,JHL,8700,,,8700,0,,,,,145,,630.5
10/1/2026,JATU,270,,,270,0,,,,,,3152,5.4
10/1/2026,IEACLC-ETF,1460,1470,1440,1450,-10,-0.68,171470,249307850,58,24894,89170,219.8
10/1/2026,EABL,5820,,,5840,20,0.34,,,,,,4618.1
10/1/2026,DSE,6500,6700,6500,6620,120,1.85,916,6094000,21,1863,1917,157.7
10/1/2026,DCB,405,410,405,410,5,1.23,37338,15220610,93,12598,65458,78.6
10/1/2026,CRDB,2950,2980,2940,2970,20,0.68,546512,1614090350,941,301813,287043,7757.2
10/1/2026,AFRIPRISE,760,760,730,755,-5,-0.66,21746,16366255,134,15429,201529,110.3
10/2/2026,YETU,510,,,510,0,,,,,,,6.2
10/2/2026,VODA,1260,1300,1240,1260,0,,24734,31227310,147,95621,43084,2822.4
10/2/2026,VERTEX-ETF,325,330,320,325,0,,56887,18477440,122,4781,13000,17.6
10/2/2026,USL,30,,,30,0,,,,,192,,11
10/2/2026,TTP,430,430,430,430,0,,50,21500,6,2380,15169,40.9
10/2/2026,TPCC,5680,5670,5650,5670,-10,-0.18,12027,68151930,28,5211,16253,1020.2
10/2/2026,TOL,1760,1770,1670,1730,-30,-1.7,6876,11931960,34,2267,3386,99.5
10/2/2026,TCCL,3940,3990,3920,3950,10,0.25,2972,11745250,16,31755,5493,754.5
10/2/2026,TCC,13350,13390,13200,13350,0,,469,6212650,15,10592,612,1335
10/2/2026,TBL,9790,9790,9770,9780,-10,-0.1,1884,18419020,24,705,863,2885.7
10/2/2026,SWIS,2500,2500,2490,2500,0,,3002,7495050,34,10758,5349,90
10/2/2026,SWALA,450,,,450,0,,,,,,,47.8
10/2/2026,PAL,295,315,305,305,10,3.39,3515,1078460,35,2970,14877,48.9
10/2/2026,NMG,310,,,315,5,1.61,,,,7,15,59.4
10/2/2026,NMB,2040,2070,2000,2040,0,,516034,1051296990,1322,15622,312131,10200
10/2/2026,NICO,3610,3850,3600,3770,160,4.43,17708,66798870,55,18964,700,232.4
10/2/2026,MUCOBA,410,450,385,450,40,9.76,773,345100,20,144,431,14.7
10/2/2026,MKCB,3760,3760,3670,3680,-80,-2.13,1948,7184290,11,3462,2529,86.7
10/2/2026,MCB,375,380,365,370,-5,-1.33,59658,22085590,93,39429,209093,91.5
10/2/2026,MBP,2040,2000,1960,1990,-50,-2.45,12577,25048240,34,7676,28847,59.7
10/2/2026,KCB,2200,2190,2180,2190,-10,-0.45,21242,46519720,23,3420,50289,6505
10/2/2026,KA,115,,,115,0,,,,,119,,653.4
10/2/2026,JHL,8700,,,8700,0,,,,,145,,630.5
10/2/2026,JATU,270,270,270,270,0,,200,54000,2,,542,5.4
10/2/2026,IEACLC-ETF,1450,1470,1430,1460,10,0.69,19119,27896290,53,118889,62568,221.3
10/2/2026,EABL,5840,,,5860,20,0.34,,,,,,4633.9
10/2/2026,DSE,6620,6700,6350,6350,-270,-4.08,818,5289300,24,787,1666,151.3
10/2/2026,DCB,410,410,395,400,-10,-2.44,78069,31356670,149,16103,120834,76.6
10/2/2026,CRDB,2970,2980,2900,2950,-20,-0.67,946398,2792840700,1086,6494,301625,7704.9
10/2/2026,AFRIPRISE,755,775,700,745,-10,-1.32,84201,62551350,159,4999,96680,108.8
